ETHICAL- MARKETING TEAM & OTHER MANAGERS & ADMIN 2026,Unnamed: 1,Unnamed: 2,Unnamed: 3,Unnamed: 4,Unnamed: 5,Unnamed: 6,Unnamed: 7,Unnamed: 8,Unnamed: 9,Unnamed: 10,Unnamed: 11,Unnamed: 12,Unnamed: 13
Ref,StaffID,Full Name,ĐỊA BÀN HÀNH CHÁNH MỚI,LC With,Department,Group,Position,Người duyệt booking phòng,Class A,Class B,Class C,Email,Đổi Email (nếu có)
1,ET0320,Vinod Maruti Patil,ALL,MAXXCARE,Ethical,Marketing - Ethical,Business Unit Head,HR-Admin duyệt,1250000,1250000,1250000,vinod@megawecare.com,
2,ET0039,Hà Thanh Loan,ALL,MAXXCARE,Ethical,Office,Assistant,Người duyệt,850000,750000,650000,loan@megawecare.com,
2,ET0105,Nguyễn Lê Mộng Lan,ALL,MAXXCARE,Ethical,Marketing - Ethical,Group Product Manager,,1100000,900000,750000,monglan@megawecare.com,
2,ET0421,Nguyễn Duy Phong,ALL,MAXXCARE,Ethical,Marketing - Ethical,Medical & Training Manager,,1100000,900000,750000,duyphongmeiho@gmail.com,
2,ET0396,Đoàn Duy Quốc,ALL,MAXXCARE,Ethical,Marketing - Ethical,Product Manager,,850000,750000,650000,doanduyquoc95@gmail.com,
2,ET0416,Nguyễn Minh Sang,ALL,MAXXCARE,Ethical,Marketing - Ethical,Product Manager,,850000,750000,650000,minhsang4353@gmail.com,
2,ET0426,Đỗ Thanh Tâm,ALL,MAXXCARE,Ethical,Marketing - Ethical,Product Manager,,850000,750000,650000,tam.dothanh@megawecare.com,
2,ET0451,Vương Hoàng Thắng,ALL,MAXXCARE,Ethical,Marketing - Ethical,Product Manager,,850000,750000,650000,Thang.Vuonghoang@megawecare.com,
2,ET0341,Từ Đặng Hoài Trinh,ALL,MAXXCARE,Ethical,Office,Sales Admin,,850000,750000,650000,tudanghoaitrinh95@gmail.com,
2,ET0402,Lê Thị Ngọc Minh,ALL,MAXXCARE,Ethical,Office,Marketing Assistant,,850000,750000,650000,lengocminhtvh@gmail.com,
2,ET0267,Nguyễn Thị Thắm,ALL,MAXXCARE,Ethical,Office,Sales Admin,,850000,750000,650000,tham@megawecare.com,
2,ET0319,Phan Thị Thùy Dương,ALL,MAXXCARE,Ethical,Office,Sales Admin,,850000,750000,650000,thuyduong@megawecare.com,
2,ET0443,Điều Vũ Quỳnh Giang,ALL,MAXXCARE,Ethical,Office,Sales Admin,,850000,750000,650000,Giang.Dieuvuquynh@megawecare.com,
2,ET0438,Nguyễn Hoàng Thắng,ALL,HD,Ethical,SAL - Ethical,National Manager,,1100000,900000,750000,thang.nguyenhoang@megawecare.com,
2,ET0295,Bùi Ngọc Tuấn,ALL,HD,Ethical,SAL - Ethical,Regional Manager,,1100000,900000,750000,tuan@megawecare.com,
,ET0001,Phạm Xuân Nam,Nghỉ việc- Delete,MAXXCARE,Ethical,SAL - Ethical,Senior National Manager,,1100000,900000,750000,phamnam@megawecare.com,
,ET0181,Đường Quảng Long,Nghỉ việc- Delete,MAXXCARE,Ethical,SAL - Ethical,Regional Manager,,1100000,900000,750000,long@megawecare.com,
,,,,,,,,,,,,,
ETHICAL- SALES TEAM- RSMS MIỀN BẮC DUYỆT CHO ASM MIỀN TRUNG VÀ PHÍA BẮC,,,,,,,,,,,,,
Ref,StaffID,Full Name,ĐỊA BÀN HÀNH CHÁNH MỚI,LC With,Department,Group,Position,Người duyệt booking phòng,Class A,Class B,Class C,Email,Đổi Email (nếu có)
1,ET0295,Bùi Ngọc Tuấn,"DA NANG (DA NANG, QUANG NAM) HUE, QUANG TRI (QUANG TRI, QUANG BINH) QUANG NGAI (KONTUM), HA NOI, CAO BANG, NINH BINH (NAM DINH, NINH BINH, HA NAM), BAC NINH, LẠNG SƠN, HAI PHONG, HUNG YEN (THAI BINH), QUANG NINH, THAI NGUYEN (BAC KAN, THAI NGUYEN), HA TINH, NGHE AN, DIEN BIEN, LAI CHAU, LAO CAI, YEN BAI, SON LA , LANG SON, TUYEN QUANG, PHU THO (PHU THO,VINH PHUC, HOA BINH), THANH HOA",HD,Ethical,SAL - Ethical,Regional Manager,Người duyệt,1100000,900000,750000,tuan@megawecare.com,
2,ET0201,Nguyễn Nữ Nga My,"DA NANG (DA NANG, QUANG NAM) HUE, QUANG TRI (QUANG TRI, QUANG BINH) QUANG NGAI (KONTUM)",HD,Ethical,SAL - Ethical,Senior Area Manager,,1100000,900000,750000,ngamy@megawecare.com,
3,ET0026,Hà Tiến Dũng,"HA NOI, CAO BANG NINH BINH (NAM DINH, NINH BINH, HA NAM)",HD,Ethical,SAL - Ethical,Senior Area Manager,,1100000,900000,750000,tiendung@megawecare.com,
4,ET0231,Phạm Thị Mỹ Thu,HA NOI,HD,Ethical,SAL - Ethical,Area Manager,,850000,750000,650000,mythu@megawecare.com,
5,ET0353,Đinh Văn Thắng,"BAC NINH, LẠNG SƠN, HAI PHONG, HUNG YEN (THAI BINH), QUANG NINH, THAI NGUYEN (BAC KAN, THAI NGUYEN)",HD,Ethical,SAL - Ethical,Area Manager,,850000,750000,650000,thang.dinh@megawecare.com,
6,ET0369,Trịnh Văn Cao,"HA TINH, NGHE AN, DIEN BIEN, LAI CHAU, LAO CAI, YEN BAI, SON LA , LANG SON, TUYEN QUANG, PHU THO (PHU THO,VINH PHUC, HOA BINH), THANH HOA",HD,Ethical,SAL - Ethical,Area Manager,,850000,750000,650000,vancao@megawecare.com,
,,,,,,,,,,,,,
ETHICAL- SALES TEAM- NSMS DUYỆT CHO ASM MIỀN NAM,,,,,,,,,,,,,
Ref,StaffID,Full Name,ĐỊA BÀN HÀNH CHÁNH MỚI,LC With,Department,Group,Position,Người duyệt booking phòng,Class A,Class B,Class C,Email,Đổi Email (nếu có)
1,ET0438,Nguyễn Hoàng Thắng,ALL,HD,Ethical,SAL - Ethical,National Manager,,1100000,900000,750000,thang.nguyenhoang@megawecare.com,
2,ET0345,Võ Công Hiệp,"HO CHI MINH, TAY NINH (TAY NINH, LONG AN), AN GIANG (AN GIANG, KIEN GIANG) DONG THAP",HD,Ethical,SAL - Ethical,Senior Area Manager,,1100000,900000,750000,conghiep@megawecare.com,
3,ET0283,Nguyễn Văn Bùi,"CA MAU (CA MAU, BAC LIEU), CAN THO (SOC TRANG, HAU GIANG) DONG THAP (TIEN GIANG), VINH LONG (VINH LONG, TRA VINH, BEN TRE)",HD,Ethical,SAL - Ethical,Senior Area Manager,,1100000,900000,750000,bui@megawecare.com,
4,ET0288,Dương Thị Thu Hiền,"DONG NAI (DONG NAI, BINH PHUOC) HO CHI MINH (BA RIA VUNG TAU, BINH DUONG)",HD,Ethical,SAL - Ethical,Area Manager,,850000,750000,650000,thuhien.duong@megawecare.com,
5,ET0336,Phạm Thị Ánh Nga,HO CHI MINH,HD,Ethical,SAL - Ethical,Area Manager,,850000,750000,650000,lienhoarucro@gmail.com,nga.phamthianh@megawecare.com
6,ET0442,Lê Châu Bình Uyên,"DAKLAK (DAKLAK, PHU YEN) GIA LAI (BINH DINH, GIA LAI) KHANH HOA (KHANH HOA, NINH THUAN), Lâm Đồng, Bình Thuận, DakNong",HD,Ethical,SAL - Ethical,Area Manager,,850000,750000,650000,Uyen.Lechaubinh@megawecare.com,
,,,,,,,,,,,,,
ETHICAL- SALES TEAM- HCMC 1,,,,,,,,,,,,,
Ref,StaffID,Full Name,ĐỊA BÀN HÀNH CHÁNH MỚI,LC With,Department,Group,Position,Người duyệt booking phòng,Class A,Class B,Class C,Email,Đổi Email (nếu có)
1,ET0288,Dương Thị Thu Hiền,"DONG NAI (DONG NAI, BINH PHUOC) HO CHI MINH (BA RIA VUNG TAU, BINH DUONG)",HD,Ethical,SAL - Ethical,Area Manager,Người duyệt,850000,750000,650000,thuhien.duong@megawecare.com,
2,ET0418,Nguyễn Nguyễn Hồng Trâm,HO CHI MINH (BINH DUONG),HD,Ethical,SAL - Ethical,Med Rep,,650000,600000,550000,honghanhanh3228@gmail.com,
3,ET0398,Nguyễn Pha,HO CHI MINH,HD,Ethical,SAL - Ethical,Med Rep,,650000,600000,550000,anhhungxadieu2401@gmail.com,
4,ET0417,Nguyễn Thị Ngọc Thủy,"DONG NAI (DONG NAI, BINH PHUOC)",HD,Ethical,SAL - Ethical,Med Rep,,650000,600000,550000,ngocthuymega0303@gmail.com,
5,ET0166,Nguyễn Thị Thanh Hương,HO CHI MINH (BA RIA VUNG TAU),HD,Ethical,SAL - Ethical,Med Rep,,650000,600000,550000,mousecutevt@gmail.com,
6,ET0107,Võ Kim Phượng,HO CHI MINH,HD,Ethical,SAL - Ethical,Med Rep,,650000,600000,550000,khoaimi2009@gmail.com,
,,,,,,,,,,,,,
,,,,,,,,,,,,,
ETHICAL- SALES TEAM- HCMC 2,,,,,,,,,,,,,
Ref,StaffID,Full Name,ĐỊA BÀN HÀNH CHÁNH MỚI,LC With,Department,Group,Position,Người duyệt booking phòng,Class A,Class B,Class C,Email,Đổi Email (nếu có)
1,ET0336,Phạm Thị Ánh Nga,HO CHI MINH,HD,Ethical,SAL - Ethical,Area Manager,Người duyệt,850000,750000,650000,nga.phamthianh@megawecare.com,
2,ET0007,Lê Thị Diễm Phương,HO CHI MINH,HD,Ethical,SAL - Ethical,Med Rep,,650000,600000,550000,mitquetoi1405@gmail.com,
3,ET0408,Lê Hữu Dũng,HO CHI MINH,HD,Ethical,SAL - Ethical,Med Rep,,650000,600000,550000,huudung.pharma@gmail.com,
4,ET0226,Hồ Thị Thu Hoa,HO CHI MINH,HD,Ethical,SAL - Ethical,Med Rep,,650000,600000,550000,cattrang798@gmail.com,
5,ET0172,Phan Thị Kim Đang,HO CHI MINH,HD,Ethical,SAL - Ethical,Med Rep,,650000,600000,550000,hoavang8424@gmail.com,
6,ET0420,Nguyễn Thị Nữ,HO CHI MINH,HD,Ethical,SAL - Ethical,Med Rep,,650000,600000,550000,nguyennu140799@gmail.com,
,,,,,,,,,,,,,
,,,,,,,,,,,,,
ETHICAL- SALES TEAM- MEKONG 1,,,,,,,,,,,,,
Ref,StaffID,Full Name,ĐỊA BÀN HÀNH CHÁNH MỚI,LC With,Department,Group,Position,Người duyệt booking phòng,Class A,Class B,Class C,Email,Đổi Email (nếu có)
1,ET0345,Võ Công Hiệp,"HO CHI MINH, TAY NINH (TAY NINH, LONG AN), AN GIANG (AN GIANG, KIEN GIANG) DONG THAP",HD,Ethical,SAL - Ethical,Senior Area Manager,Người duyệt,1100000,900000,750000,conghiep@megawecare.com,
2,ET0213,Nguyễn Văn Hiếu,"HO CHI MINH, TAY NINH (TAY NINH, LONG AN)",HD,Ethical,SAL - Ethical,Med Rep,,650000,600000,550000,tamphong568@gmail.com,
3,ET0429,Đặng Ngọc Thoại My,HO CHI MINH,HD,Ethical,SAL - Ethical,Med Rep,,650000,600000,550000,dangngocthoaimy1406@gmail.com,
4,ET0432,Nguyễn Văn Linh,AN GIANG,HD,Ethical,SAL - Ethical,Med Rep,,650000,600000,550000,onenguyen19972020@gmail.com,
5,ET0358,Huỳnh Thị Thúy An,DONG THAP,HD,Ethical,SAL - Ethical,Med Rep,,650000,600000,550000,Huynhdongthap836@gmail.com,
6,ET0435,Trương Thị Ngọc Diệp,AN GIANG (KIEN GIANG),HD,Ethical,SAL - Ethical,Med Rep,,650000,600000,550000,truong.diep0612kg@gmail.com,
,,,,,,,,,,,,,
,,,,,,,,,,,,,
ETHICAL- SALES TEAM- MEKONG 2,,,,,,,,,,,,,
Ref,StaffID,Full Name,ĐỊA BÀN HÀNH CHÁNH MỚI,LC With,Department,Group,Position,Người duyệt booking phòng,Class A,Class B,Class C,Email,Đổi Email (nếu có)
1,ET0283,Nguyễn Văn Bùi,"CA MAU (CA MAU, BAC LIEU), CAN THO (SOC TRANG, HAU GIANG) DONG THAP (TIEN GIANG), VINH LONG (VINH LONG, TRA VINH, BEN TRE)",HD,Ethical,SAL - Ethical,Senior Area Manager,Người duyệt,1100000,900000,750000,bui@megawecare.com,
2,ET0334,Huỳnh Lê,"CA MAU(BAC LIEU), CAN THO (SOC TRANG)",HD,Ethical,SAL - Ethical,Med Rep,,650000,600000,550000,thot65617@gmail.com,
3,ET0424,Võ Thành Doanh,"CAN THO (CAN THO, HAU GIANG)",HD,Ethical,SAL - Ethical,Med Rep,,650000,600000,550000,vothanhdoanh1996@gmail.com,
4,ET0440,Ngô Trung Tính,CA MAU,HD,Ethical,SAL - Ethical,Med Rep,,650000,600000,550000,trungtinhngo@outlook.com,
5,ET0378,Mai Thị Đoan Trang,"VINH LONG (VINH LONG, TRA VINH)",HD,Ethical,SAL - Ethical,Med Rep,,650000,600000,550000,changday901618@gmail.com,
6,ET0433,Nguyễn Thanh Kiều,"DONG THAP (TIEN GIANG), VINH LONG (BEN TRE)",HD,Ethical,SAL - Ethical,Med Rep,,650000,600000,550000,nguyenthanhkieu02021993@gmail.com,
,,,,,,,,,,,,,
ETHICAL- SALES TEAM- UPC,,,,,,,,,,,,,
Ref,StaffID,Full Name,ĐỊA BÀN HÀNH CHÁNH MỚI,LC With,Department,Group,Position,Người duyệt booking phòng,Class A,Class B,Class C,Email,Đổi Email (nếu có)
1,ET0442,Lê Châu Bình Uyên,"DAKLAK (DAKLAK, PHU YEN) GIA LAI (BINH DINH, GIA LAI) KHANH HOA (KHANH HOA, NINH THUAN), Lâm Đồng, Bình Thuận, DakNong",HD,Ethical,SAL - Ethical,Area Manager,Người duyệt,850000,750000,650000,Uyen.Lechaubinh@megawecare.com,
2,ET0272,Đinh Quang Cường,"KHANH HOA (KHANH HOA, NINH THUAN)",HD,Ethical,SAL - Ethical,Med Rep,,650000,600000,550000,milo05072011@gmail.com,
3,ET0446,Lê Thuận,"DAKLAK (DAKLAK, PHU YEN)",HD,Ethical,SAL - Ethical,Med Rep,,650000,600000,550000,bluethuan@gmail.com,
4,ET0415,Nguyễn Chí Công,"GIA LAI (BINH DINH, GIA LAI)",HD,Ethical,SAL - Ethical,Med Rep,,650000,600000,550000,congduocdtuk24@gmail.com,
5,ET0454,Nguyễn Thiên Luân,LAM DONG,HD,Ethical,SAL - Ethical,Med Rep,,650000,600000,550000,thienluan100vn@gmail.com,
,,,,,,,,,,,,,
,,,,,,,,,,,,,
ETHICAL- SALES TEAM- CENTRAL,,,,,,,,,,,,,
Ref,StaffID,Full Name,ĐỊA BÀN HÀNH CHÁNH MỚI,LC With,Department,Group,Position,Người duyệt booking phòng,Class A,Class B,Class C,Email,Đổi Email (nếu có)
1,ET0201,Nguyễn Nữ Nga My,"DA NANG (DA NANG, QUANG NAM) HUE, QUANG TRI (QUANG TRI, QUANG BINH) QUANG NGAI (KONTUM)",HD,Ethical,SAL - Ethical,Senior Area Manager,Người duyệt,1100000,900000,750000,ngamy@megawecare.com,
2,ET0210,Huỳnh Thị Mỹ Quý,DA NANG,HD,Ethical,SAL - Ethical,Med Rep,,650000,600000,550000,myquydn@gmail.com,
3,ET0409,Phan Văn Gia Hưng,DA NANG (QUANG NAM),HD,Ethical,SAL - Ethical,Med Rep,,650000,600000,550000,phanvangiahung.tk3@gmail.com,
4,ET0413,Phan Quốc Trung,"HUE, QUANG TRI (QUANG TRI, QUANG BINH)",HD,Ethical,SAL - Ethical,Med Rep,,650000,600000,550000,qtrung.phar10@gmail.com,
5,ET0321,Trần Thị Lan,QUANG NGAI (KONTUM),HD,Ethical,SAL - Ethical,Med Rep,,650000,600000,550000,lantran2628@gmail.com,
,,,,,,,,,,,,,
,,,,,,,,,,,,,
ETHICAL- SALES TEAM- HANOI 1,,,,,,,,,,,,,
Ref,StaffID,Full Name,ĐỊA BÀN HÀNH CHÁNH MỚI,LC With,Department,Group,Position,Người duyệt booking phòng,Class A,Class B,Class C,Email,Đổi Email (nếu có)
1,ET0026,Hà Tiến Dũng,"HA NOI, CAO BANG NINH BINH (NAM DINH, NINH BINH, HA NAM)",HD,Ethical,SAL - Ethical,Senior Area Manager,Người duyệt,1100000,900000,750000,tiendung@megawecare.com,
2,ET0083,Nguyễn Thị Ánh,HA NOI,HD,Ethical,SAL - Ethical,Med Rep,,650000,600000,550000, 8687anh@gmail.com,
3,ET0431,Nguyễn Văn Hùng,HA NOI,HD,Ethical,SAL - Ethical,Med Rep,,650000,600000,550000,nguyenvanhung0020092001@gmail.com,
4,ET0414,Phùng Xuân Tâm,"HA NOI, CAO BANG",HD,Ethical,SAL - Ethical,Med Rep,,650000,600000,550000,phungxuantam@gmail.com,
5,ET0401,Nguyễn Thị Nhương,"NINH BINH (NINH BINH, HA NAM)",HD,Ethical,SAL - Ethical,Med Rep,,650000,600000,550000,nhuongnguyennb99@gmail.com,
6,ET0054,Vũ Thị Thanh Nga,NINH BINH (NAM DINH),HD,Ethical,SAL - Ethical,Med Rep,,650000,600000,550000,vuthithanhnga186@gmail.com,
,,,,,,,,,,,,,
,,,,,,,,,,,,,
ETHICAL- SALES TEAM- HANOI 2,,,,,,,,,,,,,
Ref,StaffID,Full Name,ĐỊA BÀN HÀNH CHÁNH MỚI,LC With,Department,Group,Position,Người duyệt booking phòng,Class A,Class B,Class C,Email,Đổi Email (nếu có)
1,ET0231,Phạm Thị Mỹ Thu,HA NOI,HD,Ethical,SAL - Ethical,Area Manager,Người duyệt,850000,750000,650000,mythu@megawecare.com,
2,ET0080,Nguyễn Thị Hằng,HA NOI,HD,Ethical,SAL - Ethical,Med Rep,,650000,600000,550000,hangnguyen882255@gmail.com ,
3,ET0411,Nguyễn Phạm Quốc Anh,HA NOI,HD,Ethical,SAL - Ethical,Med Rep,,650000,600000,550000,quocank25032001@gmail.com,
4,ET0427,Hồ Công Sang,HA NOI,HD,Ethical,SAL - Ethical,Med Rep,,650000,600000,550000,saghocong2801@gmail.com,
5,ET0445,Lê Ngọc Thái Sơn,HA NOI,HD,Ethical,SAL - Ethical,Med Rep,,650000,600000,550000,lengocthaison20021411@gmail.com,
,,,,,,,,,,,,,
,,,,,,,,,,,,,
ETHICAL- SALES TEAM- NORTH 1,,,,,,,,,,,,,
Ref,StaffID,Full Name,ĐỊA BÀN HÀNH CHÁNH MỚI,LC With,Department,Group,Position,Người duyệt booking phòng,Class A,Class B,Class C,Email,Đổi Email (nếu có)
1,ET0369,Trịnh Văn Cao,"HA TINH, NGHE AN, DIEN BIEN, LAI CHAU, LAO CAI, YEN BAI, SON LA , LANG SON, TUYEN QUANG, PHU THO (PHU THO,VINH PHUC, HOA BINH), THANH HOA",HD,Ethical,SAL - Ethical,Area Manager,Người duyệt,850000,750000,650000,vancao@megawecare.com,
2,ET0179,Đặng Kim Thoa,"PHU THO (PHU THO,VINH PHUC, HOA BINH)",HD,Ethical,SAL - Ethical,Med Rep,,650000,600000,550000, Dk9thoa@gmail.com,
3,ET0016,Phạm Thị Nhung,THANH HOA,HD,Ethical,SAL - Ethical,Med Rep,,650000,600000,550000,Phamnhungds1980@gmail.com,
4,ET0380,Nguyễn Thị Thương,"HA TINH, NGHE AN",HD,Ethical,SAL - Ethical,Med Rep,,650000,600000,550000,thuongnguyenna86@gmail.com,
,,,,,,,,,,,,,
,,,,,,,,,,,,,
,,,,,,,,,,,,,
ETHICAL- SALES TEAM- NORTH 2,,,,,,,,,,,,,
Ref,StaffID,Full Name,ĐỊA BÀN HÀNH CHÁNH MỚI,LC With,Department,Group,Position,Người duyệt booking phòng,Class A,Class B,Class C,Email,Đổi Email (nếu có)
1,ET0353,Đinh Văn Thắng,"BAC NINH, LẠNG SƠN, HAI PHONG, HUNG YEN (THAI BINH), QUANG NINH, THAI NGUYEN (BAC KAN, THAI NGUYEN)",HD,Ethical,SAL - Ethical,Area Manager,Người duyệt,850000,750000,650000,thang.dinh@megawecare.com,
2,ET0017,Trần Thị Phượng,"THAI NGUYEN (BAC KAN, THAI NGUYEN)",HD,Ethical,SAL - Ethical,Med Rep,,650000,600000,550000,thainguyen.ttp20@gmail.com,
3,ET0437,Lê Thị Thanh,HAI PHONG,HD,Ethical,SAL - Ethical,Med Rep,,650000,600000,550000,lethithanh082001@gmail.com,
4,ET0010,Nguyễn Thị Thu Hương,QUANG NINH,HD,Ethical,SAL - Ethical,Med Rep,,650000,600000,550000,quangninh.ntth14@gmail.com,
5,ET0058,Trần Thị Hoài,"HAI PHONG, HUNG YEN (THAI BINH)",HD,Ethical,SAL - Ethical,Med Rep,,650000,600000,550000,hoaitt0065@gmail.com,
6,ET0430,Đỗ Quế Anh,"BAC NINH, LẠNG SƠN",HD,Ethical,SAL - Ethical,Med Rep,,650000,600000,550000,doqueanh1989@gmail.com,
,,,,,,,,,,,,,
,,,,,,,,,,,,,
ETHICAL- KAM HCMC,,,,,,,,,,,,,
Ref,StaffID,Full Name,ĐỊA BÀN HÀNH CHÁNH MỚI,LC With,Department,Group,Position,Người duyệt booking phòng,Class A,Class B,Class C,Email,Đổi Email (nếu có)
1,ET0039,Hà Thanh Loan,ALL,MAXXCARE,Ethical,Office,Assistant,Người duyệt,850000,750000,650000,loan@megawecare.com,
2,ET0396,Đoàn Duy Quốc,ALL,MAXXCARE,Ethical,BDM,BDM,,1100000,900000,750000,doanduyquoc95@gmail.com,
3,ET0434,Bùi Quốc Đại,"KHÁNH HOÀ, LÂM ĐỒNG, ĐỒNG NAI ,HCM, TÂY NINH",HD,Ethical,Tender Team,Key Account Manager,,850000,750000,650000,Dai.Buiquoc@megawecare.com,
4,ET0444,Huỳnh Đình Bồ Công Anh,"HCMC, TAY NINH (TÂY NINH , LONG AN)",HD,Ethical,Tender Team,Key Account Excutive,,650000,600000,550000,dsboconganh@gmail.com,
5,ET0447,Nguyễn Hải Yến,"BẮC NINH, QUẢNG NINH, HÀ NỘI, HẢI PHÒNG, HƯNG YÊN, THÁI NGUYÊN, TUYÊN QUANG, LÀO CAI, NINH BÌNH",HD,Ethical,Tender Team,Key Account Manager,,850000,750000,650000,Yen.Nguyenhai@megawecare.com,
6,ET0452,Tiền Thiên Bình,"HÀ NỘI, HẢI PHÒNG (HẢI PHÒNG, HẢI DƯƠNG), HƯNG YÊN (THÁI BÌNH, HƯNG YÊN)",HD,Ethical,Tender Team,Key Account Excutive,,650000,600000,550000,tienthienbinh.dkh@gmail.com,
7,ET0449,Phan Thị Thoại Như,"HCMC ( HCM , BRVT)",HD,Ethical,Tender Team,Key Account Excutive,,650000,600000,550000,thithoainhu@gmail.com,
8,ET0450,Nguyễn Văn Bé,"ĐỒNG THÁP (ĐỒNG THÁP, TIỀN GIANG), AN GIANG (AN GIANG, KIÊN GIANG)",HD,Ethical,Tender Team,Key Account Excutive,,650000,600000,550000,nguyenvan.be09121986@gmail.com,
9,ET0441,Nguyễn Đức Anh,"NGHỆ AN ,THANH HOÁ , HUẾ, QUẢNG TRỊ,HÀ TĨNH,ĐÀ NẴNG ,QUẢNG NGÃI,ĐAK LAK ,GIA LAI, NINH BÌNH",HD,Ethical,Tender Team,Key Account Manager,,850000,750000,650000,Anh.nguyenduc@megawecare.com,
10,ET0448 ,Lê Văn Chấp,"ĐÀ NẴNG (ĐÀ NẴNG, QUẢNG NAM) QUẢNG NGÃI (QUẢNG NGÃI, KOM TOM)",HD,Ethical,Tender Team,Key Account Excutive,,650000,600000,550000,chaple261996@gmail.com,
11,ET0455,Lô Văn Quý,"NGHỆ AN ,THANH HOÁ",HD,Ethical,Tender Team,Key Account Excutive,,650000,600000,550000,quypharma92@gmail.com,
,,,,,,,,,,,,,
,,,,,,,,,,,,,
,,,,,,,,,,,,,
Ref,StaffID,Full Name,ĐỊA BÀN HÀNH CHÁNH MỚI,LC With,Department,Group,Position,Người duyệt booking phòng,Class A,Class B,Class C,Email,Đổi Email (nếu có)
1,ET0039,Hà Thanh Loan,ALL,MAXXCARE,Ethical,Office,Assistant,Người duyệt,850000,750000,650000,loan@megawecare.com,
11,ET0457,Nguyễn Thu Trang,,HD,Ethical,Tender Team,Key Account Excutive,,650000,600000,550000,nguyenthutrang.dkh@gmail.com,
,ET0456,Đặng Thanh Tùng,,HD,Ethical,Tender Team,Key Account Excutive,,650000,600000,550000,tungdt275@gmail.com,
,ET0458,Phan Trí Cương,,HD,Ethical,Tender Team,Key Account Excutive,,650000,600000,550000,phantricuong1307@gmail.com,
