UPDATED ON 27/02/2025,Unnamed: 1,Unnamed: 2,Unnamed: 3,Unnamed: 4,Unnamed: 5,Unnamed: 6,Unnamed: 7,Unnamed: 8,Unnamed: 9,Unnamed: 10,Unnamed: 11,Unnamed: 12,Unnamed: 13
,,,,,,,,,,,,,
ETHICAL- TENDER TEAM,,,,,,,,,,,,,
Ref,StaffID,Full Name,ĐỊA BÀN HÀNH CHÁNH MỚI,LC With,Department,Group,Position,Người duyệt booking phòng,Class A,Class B,Class C,Email,Đổi Email (nếu có)
1,ET0039,Hà Thanh Loan,ALL,MAXXCARE,Ethical,Office,Assistant,Người duyệt,850000,750000,650000,loan@megawecare.com,
2,ET0457,Nguyễn Thu Trang,,HD,Ethical,Tender Team,Key Account Excutive,Newcomer,650000,600000,550000,nguyenthutrang.dkh@gmail.com,
3,ET0456,Đặng Thanh Tùng,,HD,Ethical,Tender Team,Key Account Excutive,Newcomer,650000,600000,550000,tungdt275@gmail.com,
4,ET0458,Phan Trí Cương,,HD,Ethical,Tender Team,Key Account Excutive,Newcomer,650000,600000,550000,phantricuong1307@gmail.com,
,,,,,,,,,,,,,
,,,,,,,,,,,,,
ETHICAL- SALES TEAM- UPC,,,,,,,,,,,,,
Ref,StaffID,Full Name,ĐỊA BÀN HÀNH CHÁNH MỚI,LC With,Department,Group,Position,Người duyệt booking phòng,Class A,Class B,Class C,Email,Đổi Email (nếu có)
1,ET0442,Lê Châu Bình Uyên,"DAKLAK (DAKLAK, PHU YEN) GIA LAI (BINH DINH, GIA LAI) KHANH HOA (KHANH HOA, NINH THUAN), Lâm Đồng, Bình Thuận, DakNong",HD,Ethical,SAL - Ethical,Area Manager,Người duyệt,850000,750000,650000,Uyen.Lechaubinh@megawecare.com,
2,ET0454,Nguyễn Thiên Luân,"KHANH HOA (KHANH HOA, NINH THUAN)",HD,Ethical,SAL - Ethical,Med Rep,Newcomer,650000,600000,550000,thienluan100vn@gmail.com,
,,,,,,,,,,,,,
,,,,,,,,,,,,,
ETHICAL- SALES TEAM- NORTH 1,,,,,,,,,,,,,
Ref,StaffID,Full Name,ĐỊA BÀN HÀNH CHÁNH MỚI,LC With,Department,Group,Position,Người duyệt booking phòng,Class A,Class B,Class C,Email,Đổi Email (nếu có)
1,ET0295,Bùi Ngọc Tuấn,"HA TINH, NGHE AN, DIEN BIEN, LAI CHAU, LAO CAI, YEN BAI, SON LA , LANG SON, TUYEN QUANG, PHU THO (PHU THO,VINH PHUC, HOA BINH), THANH HOA",HD,Ethical,SAL - Ethical,Area Manager,Người duyệt,1100000,900000,750000,tuan@megawecare.com,
2,ET0459,Nguyễn Thị Mai Anh,"PHU THO (PHU THO,VINH PHUC, HOA BINH)",HD,Ethical,SAL - Ethical,Med Rep,Newcomer,650000,600000,550000, Dk9thoa@gmail.com,
3,ET0179,Đặng Kim Thoa,"PHU THO (PHU THO,VINH PHUC, HOA BINH)",HD,Ethical,SAL - Ethical,Med Rep,đổi người duyệt,650000,600000,550000, Dk9thoa@gmail.com,
4,ET0016,Phạm Thị Nhung,THANH HOA,HD,Ethical,SAL - Ethical,Med Rep,đổi người duyệt,650000,600000,550000,Phamnhungds1980@gmail.com,
5,ET0380,Nguyễn Thị Thương,"HA TINH, NGHE AN",HD,Ethical,SAL - Ethical,Med Rep,đổi người duyệt,650000,600000,550000,thuongnguyenna86@gmail.com,
