Mã NV,Họ và tên,Giới tính,Ngày sinh,Email,Mật khẩu,Phòng ban,Chức vụ,Level,Số điện thoại,Manager Level 1,Manager Level 2,Manager Level 3,Vai trò,Note
F00605,Đỗ Ngọc Liên,Nữ,,liendn@f88.vn,,Phòng Hành chính,Trưởng Phòng ,Phê duyệt,903233322,,,,Admin,
F102135,Võ Thị Kim Mai,Nữ,,maivtk@f88.vn,,Phòng Hành chính,Chuyên viên cao cấp,Phê duyệt,907665865,,,,Admin,
F03643,Nguyễn Thị Thủy,Nữ,,thuynt16@f88.vn,,Phòng Hành chính,Chuyên viên chính,Phê duyệt,916630550,,,,Admin,
F0008926,Hà Diệu Linh,Nữ,,linhhd3@f88.vn,,Phòng Hành chính,Chuyên viên,Phê duyệt,866493372,,,,Admin,
F03539,Vũ Thanh Hằng,Nữ,,hangvt2@f88.vn,,Phòng Hành chính,Chuyên viên cao cấp,Phê duyệt,328534500,,,,Admin,
F0007278,Phạm Nguyễn Trường Giang,Nam,,giangpnt2@f88.vn,,Phòng Hành chính,Chuyên viên chính,Phê duyệt,388722740,,,,Admin,
F00001,Phùng Anh Tuấn,Nam,,Mytour tạo user riêng cho Ban TGĐ để tránh spam email,,Ban Giám đốc,Tổng Giám đốc,Đặt  dịch vụ,999999999,,,,User khách,
F00005,Nguyễn Đức Đại,Nam,,Mytour tạo user riêng cho Ban TGĐ để tránh spam email,,Ban Giám đốc,Phó Tổng Giám đốc,Đặt  dịch vụ,904786814,,,,User khách,
F00555,Phạm Trần Long,Nam,,Mytour tạo user riêng cho Ban TGĐ để tránh spam email,,Ban Giám đốc,Phó Tổng Giám đốc,Đặt  dịch vụ,932336556,,,,User khách,
F00409,Nguyễn Công Niềm,Nam,,Mytour tạo user riêng cho Ban TGĐ để tránh spam email,,Ban Giám đốc,Phó Tổng Giám đốc,Đặt  dịch vụ,912378569,,,,User khách,
F00999,Trần Hà Dũng,Nam,,Mytour tạo user riêng cho Ban TGĐ để tránh spam email,,Ban Giám đốc,Phó Tổng Giám đốc,Đặt  dịch vụ,903228856,,,,User khách,
I00002,Tạ Thị Ly,Nữ,,lytt@f88.vn,,Phòng Sản phẩm & Dịch vụ,Chuyên gia,Đặt  dịch vụ,338594184,,,,User khách,
FT00221,Nguyễn Thị Phương My,Nữ,,myntp@f88.vn,,Phòng Kiến trúc và Quản trị Công nghệ thông tin,Chuyên viên cao cấp,Đặt  dịch vụ,964361041,,,,User khách,
F0008955,Nguyễn Trịnh Minh Thư,Nữ,,thuntm6@f88.vn,,Phòng Nguồn vốn trong nước,Chuyên viên,Đặt  dịch vụ,966485318,,,,User khách,
F100787,Hồ Thị Kiều Gấm,Nữ,,gamhtk@f88.vn,,Phòng Giải pháp học tập,Chuyên viên cao cấp,Đặt  dịch vụ,939001587,,,,User khách,
F0007849,Nguyễn Ngọc Bích,Nữ,,bichnn@f88.vn,,Phòng Phát triển đối tác,Chuyên viên cao cấp,Đặt  dịch vụ,932208058,,,,User khách,
I00013,Phan Nhật Linh,Nữ,,linhpn2@f88.vn,,Phòng Phát triển Kinh doanh,Chuyên gia,Đặt  dịch vụ,963699988,,,,User khách,
F100002,Phạm Tuấn Minh,Nam,,minhpt@f88.vn,,Phòng Phát triển mạng lưới,Trưởng nhóm,Đặt  dịch vụ,962812419,,,,User khách,
F00036,Hoàng Văn Mẫn,Nam,,manhv@f88.vn,,Phòng Phát triển mạng lưới,Trưởng Phòng ,Đặt  dịch vụ,972874884,,,,User khách,
F01158,Tráng Thị Hiền,Nữ,,hientt2@f88.vn,,Phòng Tiếp thị địa phương,Chuyên viên chính,Đặt  dịch vụ,968123401,,,,User khách,
F104349,Phạm Quang Trường,Nam,,truongpq2@f88.vn,,Phòng Phát triển Kinh doanh,Chuyên viên chính,Đặt  dịch vụ,707077621,,,,User khách,
F0005555,Nguyễn Hoàng Thanh Mai,Nữ,,mainht@f88.vn,,Phòng Đối tác Quản lý tài sản,Trưởng nhóm,Đặt  dịch vụ,961240388,,,,User khách,
F0005213,Trịnh Ngọc Nhất,Nam,,nhattn2@f88.vn,,Nhóm Pháp chế mạng lưới,Chuyên viên,Đặt  dịch vụ,911264665,,,,User khách,
F01387,Nguyễn Xuân Bình,Nam,,binhnx@f88.vn,,Phòng Quản trị rủi ro Hoạt động,Trưởng Phòng ,Đặt  dịch vụ,936696121,,,,User khách,
F01196,Đặng Tuấn Khôi,Nam,,khoidt@f88.vn,,Phòng Quản trị nhân tài và Phát triển tổ chức,Trưởng Phòng ,Đặt  dịch vụ,348973848,,,,User khách,
F0006020,Phạm Ngọc Hoàng Ngân,Nữ,,nganpnh@f88.vn,,Khối Marcom,Trợ lý Giám đốc Khối,Đặt  dịch vụ,982502890,,,,User khách,
F0011085,Nguyễn Hoàng Phương Anh,Nữ,,anhnhp@f88.vn,,Phòng Quản lý Nguồn vốn,Chuyên viên cao cấp,Đặt  dịch vụ,906227378,,,,User khách,
F0012855,Trần Ngọc Thiện,Nam,,thientn4@f88.vn,,Phòng Phát triển mạng lưới,Chuyên viên chính,Đặt  dịch vụ,385707879,,,,User khách,
F00039,Nguyễn Huyền Trang,Nữ,,trangnh@f88.vn,,Phòng Truyền thông và Văn hóa,Trưởng nhóm,Đặt  dịch vụ,987428518,,,,User khách,
F02371,Hoàng Thu Trang,Nữ,,tranght2@f88.vn,,Phòng Quản lý đãi ngộ và Hiệu quả làm việc,Chuyên viên cao cấp,Đặt  dịch vụ,974266181,,,,User khách,
F0008844,Lê Thị Cẩm Bình,Nữ,,binhltc@f88.vn,,Phòng Tiếp thị số,Chuyên viên cao cấp,Đặt  dịch vụ,979415994,,,,User khách,
F0006899,Lương Bảo Hoàng,Nam,,hoanglb@f88.vn,,Phòng Nguồn vốn quốc tế,Chuyên gia,Đặt  dịch vụ,909375493,,,,User khách,
F00457,Hoàng Hà Trang,Nữ,,tranghh@f88.vn,,Phòng Phát triển Kinh doanh,Chuyên viên cao cấp,Đặt  dịch vụ,349195125,,,,User khách,
F05060,Trần Hồng Nhung,Nữ,,nhungth3@f88.vn,,Phòng Thương hiệu,Chuyên viên chính,Đặt  dịch vụ,904888167,,,,User khách,
F105841,Nguyễn Thu Hiền,Nữ,,hiennt14@f88.vn,,Phòng Thương hiệu,Chuyên gia,Đặt  dịch vụ,902279991,,,,User khách,
F101518,Nguyễn Văn Minh,Nam,,minhnv2@f88.vn,,Phòng Bán hàng qua điện thoại,Chuyên viên cao cấp,Đặt  dịch vụ,934031038,,,,User khách,
F00058,Đỗ Quốc Hiếu,Nam,,hieudq@f88.vn,,Phòng Phát triển sản phẩm,Chuyên gia,Đặt  dịch vụ,973906789,,,,User khách,
F0007183,Bạch Thị Ngọc Loan,Nữ,,loanbtn@f88.vn,,Phòng Phát triển đối tác,Chuyên gia,Đặt  dịch vụ,934341100,,,,User khách,
F01528,Đoàn Văn Tưởng,Nam,,tuongdv@f88.vn,,Nhóm Pháp chế mạng lưới,Chuyên viên cao cấp,Đặt  dịch vụ,912938567,,,,User khách,
F105438,Nguyễn Đình Khải,Nam,,khaind2@f88.vn,,Phòng Phát triển mạng lưới,Chuyên viên,Đặt  dịch vụ,363484200,,,,User khách,
F00006,Nguyễn Thị Hà,Nữ,,hant@f88.vn,,Phòng Quản lý đãi ngộ và Hiệu quả làm việc,Chuyên viên cao cấp,Đặt  dịch vụ,974393883,,,,User khách,
F0011154,Nguyễn Thị Minh Hằng,Nữ,,hangntm3@f88.vn,,Trung tâm Quản trị rủi ro,Giám đốc,Đặt  dịch vụ,902966622,,,,User khách,
F106240,Diệp Đông Đình,Nam,,dinhdd2@f88.vn,,Phòng Phát triển mạng lưới,Chuyên viên,Đặt  dịch vụ,922517900,,,,User khách,
F0005950,Nguyễn Hương Trà,Nữ,,tranh3@f88.vn,,Nhóm Pháp chế dự án,Chuyên viên,Đặt  dịch vụ,949904565,,,,User khách,
F00603,Trần Thị Minh Hằng,Nữ,,hangttm@f88.vn,,Phòng Phân khúc và Trải nghiệm Khách hàng,Chuyên viên chính,Đặt  dịch vụ,968367570,,,,User khách,
F04953,Lê Khánh Linh,Nữ,,linhlk@f88.vn,,Phòng Truyền thông và Văn hóa,Chuyên viên chính,Đặt  dịch vụ,913162772,,,,User khách,
F100692,Huỳnh Thái Thông,Nam,,thonght@f88.vn,,Phòng Tiếp thị địa phương,Chuyên viên chính,Đặt  dịch vụ,922256711,,,,User khách,
F0006664,Trần Thu Huyền,Nữ,,huyentt4@f88.vn,,Phòng Phát triển sản phẩm,Giám đốc,Đặt  dịch vụ,983579901,,,,User khách,
F00063,Nguyễn Thị Hằng,Nữ,,hangnt@f88.vn,,Phòng Kế toán thanh toán,Trưởng nhóm,Đặt  dịch vụ,981188093,,,,User khách,
F01082,Nguyễn Minh Tâm,Nữ,,tamnm@f88.vn,,Ban Trợ lý,Giám đốc,Đặt  dịch vụ,978208887,,,,User khách,
F02500,Lê Quỳnh Trang,Nữ,,tranglq@f88.vn,,Trung tâm Truyền thông Thương hiệu,Giám đốc,Đặt  dịch vụ,933836789,,,,User khách,
F0008888,Nguyễn Ngọc Linh,Nữ,,linhnn5@f88.vn,,Phòng Truyền thông và Văn hóa,Trưởng Phòng ,Đặt  dịch vụ,989667571,,,,User khách,
F0007303,Trần Tuấn Việt,Nam,,viettt2@f88.vn,,Khối Marcom,Giám đốc Khối,Đặt  dịch vụ,903214071,,,,User khách,
F0008374,Nguyễn Thị Thu Thủy,Nữ,,thuyntt17@f88.vn,,Trung tâm Phân khúc,Giám đốc,Đặt  dịch vụ,902147576,,,,User khách,
F0006914,Nguyễn Văn Toàn,Nam,,toannv2@f88.vn,,Trung tâm Phát triển Đối tác,Giám đốc,Đặt  dịch vụ,913377666,,,,User khách,
F0006974,Trần Mai Thảo,Nữ,,thaotm2@f88.vn,,Khối Tài chính,Giám đốc Khối,Đặt  dịch vụ,989291545,,,,User khách,
FT00168,Đinh Gia Hiếu,Nam,,hieudg@f88.vn,,Trung tâm Công nghệ thông tin,Giám đốc,Đặt  dịch vụ,936077920,,,,User khách,
F00020,Nguyễn Tùng Lâm,Nam,,lamnt@f88.vn,,Trung tâm Quản trị rủi ro,Giám đốc,Đặt  dịch vụ,975699379,,,,User khách,
FT00094,Bùi Hồng Hải,Nam,,haibh@f88.vn,,Văn phòng Chuyển đổi số,Trưởng Phòng ,Đặt  dịch vụ,919881320,,,,User khách,
FT00040,Nguyễn Phú Hân,Nữ,,hannp@f88.vn,,Văn phòng Chuyển đổi số,Trưởng Phòng ,Đặt  dịch vụ,985281093,,,,User khách,
FT00216,Đặng Văn Toàn,Nam,,toandv@f88.vn,,Phòng Phát triển hệ thống Java,Chuyên gia,Đặt  dịch vụ,933533000,,,,User khách,
F0010265,Đỗ Văn Trung,Nam,,trungdv2@f88.vn,,Phòng Phát triển hệ thống Java,Chuyên viên cao cấp,Đặt  dịch vụ,386954394,,,,User khách,
F0010753,Nguyễn Đình Trung,Nam,,trungnd9@f88.vn,,Phòng Phát triển hệ thống .Net,Chuyên viên cao cấp,Đặt  dịch vụ,869887809,,,,User khách,
FT00053,Nguyễn Hữu Sinh,Nam,,sinhnh@f88.vn,,Phòng Phát triển hệ thống .Net,Chuyên viên cao cấp,Đặt  dịch vụ,988378800,,,,User khách,
F01612,Nguyễn Hà Phương,Nữ,,phuongnh3@f88.vn,,Phòng Phát triển sản phẩm,Trưởng Phòng ,Đặt  dịch vụ,916664790,,,,User khách,
F0005136,Phạm Thị Nhân,Nữ,,nhanpt2@f88.vn,,Phòng Chiến lược và Vận hành,Trưởng Phòng ,Đặt  dịch vụ,934077372,,,,User khách,
F0006588,Trần Thị Phương Ly,Nữ,,lyttp@f88.vn,,Phòng Quản lý tài sản Miền Bắc,Chuyên viên chính,Đặt  dịch vụ,328722768,,,,User khách,
F0005492,Nguyễn Yến Hương,Nữ,,huongny@f88.vn,,Phòng Khai thác tài sản Miền Bắc,Chuyên viên chính,Đặt  dịch vụ,961058897,,,,User khách,
FT00126,Nguyễn Ngọc Khoa,Nam,,khoann3@f88.vn,,Phòng Phát triển hệ thống .Net,Chuyên viên cao cấp,Đặt  dịch vụ,986111986,,,,User khách,
FT00045,Nguyễn Văn Sáng,Nam,,sangnv@f88.vn,,Văn phòng Chuyển đổi số,Phó Phòng,Đặt  dịch vụ,988954651,,,,User khách,
FT00159,Trần Quốc Toản,Nam,,toantq2@f88.vn,,Phòng Phát triển hệ thống .Net,Chuyên viên cao cấp,Đặt  dịch vụ,382250694,,,,User khách,
F0007848,Bùi Văn Quyền,Nam,,quyenbv@f88.vn,,Phòng Phát triển hệ thống .Net,Chuyên viên cao cấp,Đặt  dịch vụ,393638455,,,,User khách,
F103002,Ngô Trọng Nhân,Nam,,nhannt3@f88.vn,,Trung tâm Tăng trưởng Khách hàng,Giám đốc,Đặt  dịch vụ,949527569,,,,User khách,
F100335,Trần Phong Phú,Nam,,phutp@f88.vn,,Học viện F88,Giám đốc,Đặt  dịch vụ,932056678,,,,User khách,
F100573,Nguyễn Kiều Diễm,Nữ,,diemnk@f88.vn,,Phòng Đối tác học tập,Trưởng Phòng ,Đặt  dịch vụ,907503546,,,,User khách,
F0011656,Bùi Ngọc Tín,Nam,,tinbn@f88.vn,,Khối Chuyển đổi số,Giám đốc Khối,Đặt  dịch vụ,909016655,,,,User khách,
F02344,Nguyễn Thị Thanh Mai,Nữ,,maintt3@f88.vn,,Phòng Hành chính,Trưởng nhóm,Đặt  dịch vụ,986150960,,,,User khách,
F04771,Trương Khánh Linh,Nữ,,linhtk3@f88.vn,,Ban Trợ lý,Thư ký,Đặt  dịch vụ,868686353,,,,User khách,
F02026,Dương Quang Vinh,Nam,,vinhdq@f88.vn,,Phòng Quản lý Nguồn vốn,Trưởng Phòng ,Đặt  dịch vụ,973725008,,,,User khách,
F03426,Trần Huệ Lý,Nữ,,lyth@f88.vn,,Phòng Quản lý Nguồn vốn,Chuyên viên chính,Đặt  dịch vụ,339366034,,,,User khách,
F00007,Trần Thị Diệu Linh,Nữ,,linhtran@f88.vn,,Phòng Mua sắm,Trưởng Phòng ,Đặt  dịch vụ,911123692,,,,User khách,
FT00256,Nguyễn Xuân Khôi,Nam,,khoinx@f88.vn,,Phòng Hệ thống Công nghệ thông tin,Chuyên viên cao cấp,Đặt  dịch vụ,399699568,,,,User khách,
F0008702,Bùi Đức Chung,Nam,,chungbd2@f88.vn,,Phòng Hệ thống Công nghệ thông tin,Chuyên viên cao cấp,Đặt  dịch vụ,972769955,,,,User khách,
FT00013,Nguyễn Thị Hường,Nữ,,huongnt@f88.vn,,Phòng Kế toán thanh toán,Trưởng Phòng ,Đặt  dịch vụ,989373709,,,,User khách,
