id	company_id	department_id	job_title_id	name	tripi_user_id	phone	email
7259	378	3300	907	Nguyễn Nữ Nga My	2532239	(NULL)	ngamy@megawecare.com
7353	378	3300	891	Phạm Thị Mỹ Thu	2532331	(NULL)	mythu@megawecare.com
7411	378	3300	891	Đinh Văn Thắng	2532385	(NULL)	thang.dinh@megawecare.com
7438	378	3300	907	Nguyễn Văn Bùi	2532412	(NULL)	bui@megawecare.com
7451	378	3300	907	Hà Tiến Dũng	2532428	(NULL)	tiendung@megawecare.com
7453	378	3300	907	Võ Công Hiệp	2532425	(NULL)	conghiep@megawecare.com
7474	378	3300	879	Bùi Ngọc Tuấn	2532448	(NULL)	tuan@megawecare.com
10136	378	3300	888	Bùi Quốc Đại	2679566	0907378804	dai.buiquoc@megawecare.com
10166	378	3300	876	Nguyễn Hoàng Thắng	2690986	0939320820	Thang.Nguyenhoang@megawecare.com
10481	378	3300	888	Nguyễn Đức Anh	2737889	(NULL)	Anh.nguyenduc@megawecare.com
10484	378	3300	926	TIỀN THIÊN BÌNH	2738993	0123456789	tienthienbinh.dkh@gmail.com
10485	378	3300	926	LÊ VĂN CHẤP	2738997	0123456789	chaple261996@gmail.com
10486	378	3300	926	PHAN THỊ THOẠI NHƯ	2739000	0123456789	thithoainhu@gmail.com
10487	378	3300	926	HUỲNH ĐÌNH BỒ CÔNG ANH	2739003	0123456789	dsboconganh@gmail.com
10488	378	3300	926	NGUYỄN VĂN BÉ	2739006	0123456789	nguyenvan.be09121986@gmail.com
10489	378	3300	891	LÊ CHÂU BÌNH UYÊN	2739007	0123456789	Uyen.Lechaubinh@megawecare.com
10628	378	3300	926	Lô Văn Quý	2756837	0123456789	quypharma92@gmail.com
10717	378	3300	926	Nguyễn Thu Trang	2783057	0123456789	nguyenthutrang.dkh@gmail.com
10718	378	3300	926	Đặng Thanh Tùng	2783058	0123456789	tungdt275@gmail.com
10719	378	3300	926	Phan Trí Cương	2783061	0123456789	phantricuong1307@gmail.com