id,name,current_email,new_email,tripi_user_id
7259,Nguyễn Nữ Nga My,ngamy@megawecare.com,MegaASM5@hdvnpharma.com,2532239
7353,Phạm Thị Mỹ Thu,mythu@megawecare.com,MegaASM4@hdvnpharma.com,2532331
7411,Đinh Văn Thắng,thang.dinh@megawecare.com,MegaASM2@hdvnpharma.com,2532385
7438,Nguyễn Văn Bùi,bui@megawecare.com,MegaASM10@hdvnpharma.com,2532412
7451,Hà Tiến Dũng,tiendung@megawecare.com,MegaASM3@hdvnpharma.com,2532428
7453,Võ Công Hiệp,conghiep@megawecare.com,MegaASM9@hdvnpharma.com,2532425
7474,Bùi Ngọc Tuấn,tuan@megawecare.com,MegaRSM1@hdvnpharma.com,2532448
10136,Bùi Quốc Đại,dai.buiquoc@megawecare.com,MegaKAM3@hdvnpharma.com,2679566
10166,Nguyễn Hoàng Thắng,Thang.Nguyenhoang@megawecare.com,MegaNSM@hdvnpharma.com,2690986
10481,Nguyễn Đức Anh,Anh.nguyenduc@megawecare.com,MegaKAM2@hdvnpharma.com,2737889
10484,TIỀN THIÊN BÌNH,tienthienbinh.dkh@gmail.com,MegaKAE2@hdvnpharma.com,2738993
10485,LÊ VĂN CHẤP,chaple261996@gmail.com,MegaKAE8@hdvnpharma.com,2738997
10486,PHAN THỊ THOẠI NHƯ,thithoainhu@gmail.com,MegaKAE13@hdvnpharma.com,2739000
10487,HUỲNH ĐÌNH BỒ CÔNG ANH,dsboconganh@gmail.com,MegaKAE14@hdvnpharma.com,2739003
10488,NGUYỄN VĂN BÉ,nguyenvan.be09121986@gmail.com,MegaKAE15@hdvnpharma.com,2739006
10489,LÊ CHÂU BÌNH UYÊN,Uyen.Lechaubinh@megawecare.com,MegaASM6@hdvnpharma.com,2739007
10628,Lô Văn Quý,quypharma92@gmail.com,MegaKAE6@hdvnpharma.com,2756837
10717,Nguyễn Thu Trang,nguyenthutrang.dkh@gmail.com,MegaKAE4@hdvnpharma.com,2783057
10718,Đặng Thanh Tùng,tungdt275@gmail.com,MegaKAE5@hdvnpharma.com,2783058
10719,Phan Trí Cương,phantricuong1307@gmail.com,MegaKAE9@hdvnpharma.com,2783061
