id,new_email
7259,MegaASM5@hdvnpharma.com
7353,MegaASM4@hdvnpharma.com
7411,MegaASM2@hdvnpharma.com
7438,MegaASM10@hdvnpharma.com
7451,MegaASM3@hdvnpharma.com
7453,MegaASM9@hdvnpharma.com
7474,MegaRSM1@hdvnpharma.com
10136,MegaKAM3@hdvnpharma.com
10166,MegaNSM@hdvnpharma.com
10481,MegaKAM2@hdvnpharma.com
10484,MegaKAE2@hdvnpharma.com
10485,MegaKAE8@hdvnpharma.com
10486,MegaKAE13@hdvnpharma.com
10487,MegaKAE14@hdvnpharma.com
10488,MegaKAE15@hdvnpharma.com
10489,MegaASM6@hdvnpharma.com
10628,MegaKAE6@hdvnpharma.com
10717,MegaKAE4@hdvnpharma.com
10718,MegaKAE5@hdvnpharma.com
10719,MegaKAE9@hdvnpharma.com
