Unnamed: 0,Unnamed: 1,Unnamed: 2,Unnamed: 3,Unnamed: 4,Unnamed: 5,Unnamed: 6,Unnamed: 7
No,LC With,Staff Code,Name,Position,Tel.No,Email (HD mới),Email (Old)
1,HD,ET0438,Nguyễn Hoàng Thắng,NSM,0939 320 820,MegaNSM@hdvnpharma.com,thang.nguyenhoang@megawecare.com
2,HD,ET0295,Bùi Ngọc Tuấn,RSM 1,0983042008,MegaRSM1@hdvnpharma.com,tuan@megawecare.com
3,HD,ET0353,Đinh Văn Thắng,ASM 2,0912107558,MegaASM2@hdvnpharma.com,thang.dinh@megawecare.com
4,HD,ET0026,Hà Tiến Dũng,ASM 3,0914753545,MegaASM3@hdvnpharma.com,tiendung@megawecare.com
5,HD,ET0231,Phạm Thị Mỹ Thu,ASM 4,0975161191,MegaASM4@hdvnpharma.com,mythu@megawecare.com
6,HD,ET0201,Nguyễn Nữ Nga My,ASM 5,0905007181,MegaASM5@hdvnpharma.com,ngamy@megawecare.com
7,HD,ET0442,Lê Châu Bình Uyên,ASM 6,0968180360,MegaASM6@hdvnpharma.com,Uyen.Lechaubinh@megawecare.com
8,HD,ET0336,Phạm Thị Ánh Nga,ASM 7,0868693486,MegaASM7@hdvnpharma.com,nga.phamthianh@megawecare.com
9,HD,ET0288,Dương Thị Thu Hiền,ASM 8,0906151716,MegaASM8@hdvnpharma.com,thuhien.duong@megawecare.com
10,HD,ET0345,Võ Công Hiệp,ASM 9,0976795091,MegaASM9@hdvnpharma.com,conghiep@megawecare.com
11,HD,ET0283,Nguyễn Văn Bùi,ASM 10,0919333109,MegaASM10@hdvnpharma.com,bui@megawecare.com
,,,,,,,
,,,,,,,
,,,,,,,
,,,,,,,
,,,,,,,
,,,,,,,
,,,,,,,
,,,,,,,
,,,,,,,
,,,,,,,
,,,,,,,
,,,,,,,
,,,,,,,
,,,                                                                                                                                                                         ,,,,
No,LC With,Staff Code,Name,Position,Tel.No,Email (HD),Email (Old)
1,HD,ET0447,Nguyễn Hải Yến,KAM 1,0904 133 055,MegaKAM1@hdvnpharma.com,Yen.Nguyenhai@megawecare.com
2,HD,ET0452,Tiền Thiên Bình,KAE 2,0981023716,MegaKAE2@hdvnpharma.com,tienthienbinh.dkh@gmail.com
3,HD,ET0457,Nguyễn Thu Trang,KAE 4,0936606111,MegaKAE4@hdvnpharma.com,nguyenthutrang.dkh@gmail.com
4,HD,ET0456,Đặng Thanh Tùng,KAE 5,07999.06888,MegaKAE5@hdvnpharma.com,tungdt275@gmail.com
5,HD,ET0441,Nguyễn Đức Anh,KAM 2,0935123707,MegaKAM2@hdvnpharma.com,Anh.nguyenduc@megawecare.com
6,HD,ET0455,Lô Văn Quý,KAE 6,0988987805,MegaKAE6@hdvnpharma.com,quypharma92@gmail.com
7,HD,ET0465,Nguyễn Vũ Ánh Tuyết,KAE 7,0329181541,MegaKAE7@hdvnpharma.com,anhtuyet19972015@gmail.com
8,HD,ET0448,Lê Văn Chấp,KAE 8,0967200910,MegaKAE8@hdvnpharma.com,chaple261996@gmail.com
9,HD,ET0458,Phan Trí Cương,KAE 9,0906875455,MegaKAE9@hdvnpharma.com,phantricuong1307@gmail.com
10,HD,ET0434,Bùi Quốc Đại,KAM 3,0907378804,MegaKAM3@hdvnpharma.com,dai.buiquoc@megawecare.com
11,HD,ET0463,Trần Thị Thơm,KAE 10,0903573354,MegaKAE10@hdvnpharma.com,thom76nt@gmail.com
12,HD,ET0464,Văn Đình Thanh,KAE 11,0972452432,MegaKAE11@hdvnpharma.com,vanthanhavt@gmail.com
13,HD,ET0449,Phan Thị Thoại Như,KAE 13,0978400039,MegaKAE13@hdvnpharma.com,thithoainhu@gmail.com
14,HD,ET0444,Huỳnh Đình Bồ Công Anh,KAE 14,0934 108 879,MegaKAE14@hdvnpharma.com,dsboconganh@gmail.com
15,HD,ET0462,Ngô Minh Mẫn,KAM 4,0917772289,MegaKAM4@hdvnpharma.com,
16,HD,ET0450,Nguyễn Văn Bé,KAE 15,0907599097,MegaKAE15@hdvnpharma.com,nguyenvan.be09121986@gmail.com
,,,,,,,
,,,,,,,
,,,,,,,
,,,,,,,
,,,,,,,
,,,,,,,
,,,,,,,
,,,,,,,
,,,,,,,
,,,,,,,
,,,,,,,
,,,,,,,
,,,                                                                                                                                                                         ,,,,
