STT,Họ Tên,Email,SĐT,Phòng ban,Chức vụ,Người phê duyệt,Hạn mức Khách sạn,Hạn mức Vé
1,Nguyễn Thị Diễm Quỳnh,quynh.nguyen6@sotatek.com,0981805202,S.VN,Partnership Executive,Đặng Quang Huy,,
2,Hoàng Trần Lâm Nhi,nhi.hoang3@sotatek.com,0396 872 005,S.VN,Partnership Executive,Đặng Quang Huy,,
3,Phan Thị Ngọc Trâm,claire.phan@sotatek.com,0356682371,S.APAC,BD,Vũ Hải Anh,,
4,Nguyễn Hùng Mạnh,brad.nguyen@sotatek.com,0587932979,S.APAC,BD,Vũ Hải Anh,,
5,Phạm Thị Hoàng Anh,frances.pham@sotatek.com,0393286816,S.APAC,BD,Vũ Hải Anh,,
6,Bùi Phương Khanh,scarlet.bui@sotatek.com,0966353055,S.APAC,BD,Vũ Hải Anh,,
7,Lâm Thị Hà My,emilia.lam@sotatek.com,0332989480,S.EUSA,BD,Nguyễn Đức Toàn,,
8,Nguyễn Đức Toàn,kevin.nguyen@sotatek.com,`0966786046,S.EUSA,Chief Strategy Officer,Nguyễn Đức Toàn,,
9,Tạ Đường Phương Thảo,lucy.ta@sotatek.com,0828834528,S.EUSA,Sales Support,Nguyễn Đức Toàn,,
10,Nguyễn Thị Oanh,oanh.nguyen@sotatek.com,0978587749,S.EUSA,,Nguyễn Đức Toàn,,
11,Nguyễn Thảo Minh,minh.nguyen@sotatek.com,0943392597,S.EUSA,BD,Nguyễn Đức Toàn,,
12,Nguyễn Thị Ngọc Ánh,anna.nguyen@sotatek.com,0373617825,S.EUSA,BD,Nguyễn Đức Toàn,,
