id,company_id,name,status,created,updated
388,324,Trưởng Phòng,1,2023-03-21 13:35:48,2023-03-21 13:35:48
389,324,CEO,1,2023-03-21 13:35:48,2023-03-21 13:35:48
393,324,Chuyên Viên,1,2023-03-21 16:36:59,2023-03-21 16:36:59
396,324,Chuyên viên chính,1,2023-03-24 09:39:00,2023-03-24 09:39:00
1681,324,Admin,1,2026-04-10 10:29:09,2026-04-10 10:29:09
1682,324,Nhân viên,1,2026-04-10 10:52:06,2026-04-10 10:52:06
1744,324,Chuyên gia,1,2026-06-05 14:39:58,2026-06-05 14:39:58
1745,324,Chuyên viên cao cấp,1,2026-06-05 14:39:58,2026-06-05 14:39:58
1746,324,Giám đốc,1,2026-06-05 14:39:59,2026-06-05 14:39:59
1747,324,Giám đốc Khối,1,2026-06-05 14:39:59,2026-06-05 14:39:59
1748,324,Phó Phòng,1,2026-06-05 14:40:00,2026-06-05 14:40:00
1749,324,Phó Tổng Giám đốc,1,2026-06-05 14:40:00,2026-06-05 14:40:00
1750,324,Thư ký,1,2026-06-05 14:40:00,2026-06-05 14:40:00
1751,324,Trưởng nhóm,1,2026-06-05 14:40:01,2026-06-05 14:40:01
1752,324,Trợ lý Giám đốc Khối,1,2026-06-05 14:40:01,2026-06-05 14:40:01
1753,324,Tổng Giám đốc,1,2026-06-05 14:40:02,2026-06-05 14:40:02