id,country_id,name,code,latitude,longitude,name_no_accent,northeast_lat,northeast_lng,southwest_lat,southwest_lng,distance_from_northeast,distance_from_southwest,shorname,priority,is_europe,active,crawler_key
1,1,Huế,VN-26,16.463744,107.58482,thua thien hue,16.741354,108.1925689,15.994803,107.0167731,71.01365291495829,80.70427557542597,Huế,1,0,1,(NULL)
2,1,Kiên Giang,VN-47,9.836273,105.125427,kien giang,10.538596,105.538959,9.381123,104.3223179,91.32216396251091,100.97782936349638,K.Giang,1,0,1,(NULL)
3,1,Hải Phòng,VN-62,20.866389,106.6825,hai phong,21.019518,107.7397862,20.123933,106.4014301,122.76227093498669,77.23802833971708,H.Phòng,0,0,1,(NULL)
4,1,Gia Lai,VN-30,13.904742,108.179626,gia lai,14.602364,108.8727541,12.9962269,107.3392181,120.722734995967,122.81635711978223,G.Lai,0,0,1,(NULL)
5,1,Bình Định,VN-31,14.195163,108.880005,binh dinh,14.700094,109.3000072,13.5158139,108.601815,73.14426956105252,79.30976698115184,B.Định,0,0,1,(NULL)
6,1,An Giang,VN-44,10.381116,105.419884,an giang,10.9559351,105.5719318,10.1824999,104.7775209,68.60506785286655,53.6048267895265,A.Giang,0,0,1,(NULL)
7,1,Nghệ An,VN-22,19.176301,104.977112,nghe an,19.999296,105.806644,18.5531651,103.876259,125.93188056207794,133.38539727861442,N.An,0,0,1,(NULL)
8,1,Hưng Yên,VN-66,20.85432,106.016006,hung yen,21.006161,106.269346,20.602892,105.8954829,31.280447832270962,30.502384069332514,H.Yên,0,0,1,(NULL)
9,1,Bắc Kạn,VN-53,22.161335,105.830498,bac kan,22.740994,106.2451609,21.805201,105.4305939,61.69410017490244,71.93137759282021,B.Kạn,1,0,1,(NULL)
10,1,Quảng Ninh,VN-13,21.250982,107.193604,quang ninh,21.6654891,108.0736009,20.7164602,106.439682,109.1554618721859,94.29111488224832,Q.Ninh,1,0,1,(NULL)
11,1,Hà Nội,VN-64,21.028333,105.853333,ha noi,21.3846139,106.019997,20.564778,105.290621,47.207953138200004,73.52191799596905,H.Nội,1,0,1,(NULL)
12,1,Quảng Bình,VN-24,17.468573,106.254272,quang binh,18.089871,106.995214,16.924024,105.617928,86.74670089645305,108.82768213407829,Q.Bình,0,0,1,(NULL)
13,1,Quảng Ngãi,VN-29,15.123875,108.811727,quang ngai,15.418937,109.146336,14.5329381,108.2354431,60.16050612650877,79.22530996296632,Q.Ngãi,0,0,1,(NULL)
14,1,Bến Tre,VN-50,10.248371,106.376152,ben tre,10.3373171,106.7976299,9.808341,106.0147733,46.643881105596826,57.32287362006248,B.Tre,1,0,1,(NULL)
15,1,Bà Rịa Vũng Tàu,VN-43,10.410157,107.136555,ba ria vung tau,10.8039479,107.5830259,10.3202097,106.9980384,47.22697821077626,36.39035251211835,BR-V.Tàu,1,0,1,(NULL)
16,1,Thanh Hóa,VN-21,20.141049,105.309448,thanh hoa,20.6708141,106.0758351,19.2866772,104.378349,99.72855935659288,135.45644334908556,T.Hóa,0,0,1,(NULL)
17,1,Ninh Thuận,VN-36,11.565556,108.990278,ninh thuan,12.163288,109.2379444,11.3070363,108.55301,68.01135363480007,52.955498609871796,N.Thuận,0,0,1,(NULL)
18,1,Bạc Liêu,VN-55,9.312214,105.493469,bac lieu,9.6371189,106.7433943,8.5951392,105.2332641,141.53044167644967,79.2185484338216,B.Liêu,0,0,1,(NULL)
19,1,Cao Bằng,VN-04,22.685618,106.263084,cao bang,23.1186219,106.826317,22.35741,105.2724999,79.6386841519506,105.29304559220836,C.Bằng,0,0,1,(NULL)
20,1,Lâm Đồng,VN-35,11.684514,108.141174,lam dong,12.31751,108.733016,11.214375,107.266093,104.5569039180931,103.64960095658057,L.Đồng,1,0,1,(NULL)
21,1,Lào Cai,VN-02,22.3475,103.8175,lao cai,22.848793,104.626443,21.8772199,103.529518,75.03150898315249,81.8195965312933,L.Cai,1,0,1,(NULL)
22,1,Bình Dương,VN-57,11.162235,106.625061,binh duong,11.5000023,106.9676759,10.8636351,106.335735,56.89221540229112,53.60795492607287,B.Dương,1,0,1,(NULL)
23,1,Bình Thuận,VN-40,11.100252,108.141174,binh thuan,11.555921,109.0856934,9.966979,107.394964,122.03222830289914,145.19362990651777,B.Thuận,1,0,1,(NULL)
24,1,Bắc Giang,VN-54,21.274838,106.201583,bac giang,21.6256549,107.033035,21.121762,105.881726,55.190308381762115,80.00923126955387,B.Giang,0,0,1,(NULL)
25,1,Hà Giang,VN-03,22.8168,104.980738,ha giang,23.3888341,105.5752411,22.166518,104.3361501,95.02583665939088,91.00297431022776,H.Giang,0,0,1,(NULL)
26,1,Bắc Ninh,VN-56,21.187548,106.073406,bac ninh,21.263603,106.3089509,20.969552,105.9041419,25.899215430924407,27.317644111620336,B.Ninh,0,0,1,(NULL)
27,1,Lạng Sơn,VN-09,21.853851,106.761189,lang son,22.4613169,107.370491,21.3245939,106.0948229,101.74782472682514,80.91766287419355,L.Sơn,0,0,1,(NULL)
28,1,Quảng Nam,VN-27,15.556898,108.036804,quang nam,16.066077,108.7379948,14.951885,107.217789,96.67180415697403,107.96363744180746,Q.Nam,1,0,1,(NULL)
29,1,Sơn La,VN-05,21.328716,103.914528,son la,22.028912,105.0230869,20.5777401,103.16153,168.89403167663042,82.92893116422911,S.La,0,0,1,(NULL)
30,1,Tây Ninh,VN-37,11.367795,106.119003,tay ninh,11.7754689,106.491473,10.97432,105.8113099,66.42083433274516,49.99952102444671,T.Ninh,0,0,1,(NULL)
31,1,Long An,VN-41,10.691647,106.204834,long an,11.026479,106.7450409,10.3954459,105.5005419,66.01311100614933,87.76423236023999,L.An,0,0,1,(NULL)
32,1,Đồng Nai,VN-39,11.05443,107.146912,dong nai,11.5814941,107.5747849,10.582153,106.7527479,72.26770984930907,70.5584076734073,Đ.Nai,1,0,1,(NULL)
33,1,Hồ Chí Minh,VN-65,10.769444,106.681944,ho chi minh,11.1599179,107.0248468,10.3766885,106.3566839,59.63793471892818,53.99004238008649,TP.HCM,1,0,1,(NULL)
34,1,Hải Dương,VN-61,20.937393,106.314526,hai duong,21.231167,106.6126543,20.691178,106.126308,44.4494955441657,34.13128172266108,H.Dương,0,0,1,(NULL)
35,1,Bình Phước,VN-58,11.755781,106.719818,binh phuoc,12.29071,107.4282521,11.300705,106.417961,97.3311269239072,60.139217302019716,B.Phước,0,0,1,(NULL)
36,1,Hà Nam,VN-63,20.585867,105.923996,ha nam,20.703745,106.183102,20.3626781,105.7697231,30.18603518531358,29.28909014627738,H.Nam,0,0,1,(NULL)
37,1,Vĩnh Long,VN-49,10.244823,105.959015,vinh long,10.3284542,106.2733691,9.8919283,105.6828727,38.89798485499887,42.48453648980642,V.Long,1,0,1,(NULL)
38,1,Cần Thơ,VN-48,10.032415,105.784092,can tho,10.324366,105.8403842,9.919966,105.2214899,42.154603911388136,40.349826323025745,C.Thơ,0,0,1,(NULL)
39,1,Vĩnh Phúc,VN-70,21.363571,105.548401,vinh phuc,21.573348,105.7897179,21.10479,105.322971,34.4473208537194,36.76978767026258,V.Phúc,0,0,1,(NULL)
40,1,Đắk Lắk,VN-33,12.766268,108.325195,dak lak,13.4162268,108.994509,12.16056,107.4892809,113.5090523334165,101.67154565133394,Đ.Lắk,0,0,1,(NULL)
41,1,Cà Mau,VN-59,9.061414,105.032043,ca mau,9.55968,105.4185013,8.4127295,104.5229252,73.76583775475488,90.15437200856536,C.Mau,0,0,1,(NULL)
42,1,Tiền Giang,VN-46,10.420288,106.296844,tien giang,10.5871,106.788528,10.213442,105.8196079,51.15677396575208,62.87975946805482,T.Giang,0,0,1,(NULL)
43,1,Khánh Hòa,VN-34,12.2387911,109.1967488,khanh hoa,12.8655891,109.4615432,11.8045669,108.671521,80.7837344990513,65.30719436126843,K.Hòa,1,0,1,(NULL)
44,1,Quảng Trị,VN-25,16.830832,107.067261,quang tri,17.165551,107.3883289,16.3023949,106.553429,61.199683446080634,70.01091340642242,Q.Trị,0,0,1,(NULL)
45,1,Hà Tĩnh,VN-23,18.341002,105.907345,ha tinh,18.7626158,106.5042068,17.915977,105.108635,101.79165264876188,73.12274958796223,H.Tĩnh,0,0,1,(NULL)
46,1,Trà Vinh,VN-51,9.813946,106.298904,tra vinh,10.0746886,106.5795241,9.5293159,105.9722168,42.31127994271579,47.73235282715444,Tr.Vinh,0,0,1,(NULL)
47,1,Đồng Tháp,VN-45,10.575572,105.682983,dong thap,10.9664691,105.944197,10.1387694,105.1887371,59.534720210050736,67.4039412301269,Đ.Tháp,0,0,1,(NULL)
48,1,Hòa Bình,VN-14,20.831219,105.339661,hoa binh,21.1126179,105.8611979,20.3047901,104.8349999,74.09413276768598,65.40264710606289,H.Bình,1,0,1,(NULL)
49,1,Phú Thọ,VN-68,21.262501,105.125427,phu tho,21.719738,105.4579171,20.917282,104.8163571,56.61286776820006,56.09236975711957,P.Thọ,0,0,1,(NULL)
50,1,Đà Nẵng,VN-60,16.031944,108.220556,da nang,16.2161581,108.3381989,15.9193369,107.8187371,33.665506415943504,30.934633489735482,Đ.Nẵng,1,0,1,(NULL)
51,1,Hậu Giang,VN-73,9.764551,105.640411,hau giang,9.9928138,105.8934326,9.5820831,105.328687,38.01796796050836,39.445132459308965,H.Giang,0,0,1,(NULL)
52,1,Sóc Trăng,VN-52,9.602781,105.973949,soc trang,9.9332116,106.293053,9.2386673,105.5439898,51.97991205034865,60.82170806171858,S.Trăng,0,0,1,(NULL)
53,1,Tuyên Quang,VN-07,21.777355,105.228424,tuyen quang,22.694384,105.597397,21.501763,104.848572,64.95122094688077,88.67732098126841,T.Quang,0,0,1,(NULL)
54,1,Đắk Nông,VN-72,12.256812,107.701721,dak nong,12.8117129,108.115932,11.748865,107.2079091,81.96182307655636,72.10725335264748,Đ.Nông,0,0,1,(NULL)
55,1,Thái Nguyên,VN-69,21.564225,105.879364,thai nguyen,22.047269,106.23657,21.324607,105.4771269,65.60760356973887,48.96121626522332,T.Nguyên,1,0,1,(NULL)
56,1,Kon Tum,VN-28,14.351543,108.000412,kon tum,15.4169979,108.547756,14.2020689,107.471481,113.3906639256439,64.5807086679432,K.Tum,1,0,1,(NULL)
57,1,Điện Biên,VN-71,21.383333,103.016667,dien bien,22.5563429,103.6003289,20.869232,102.1482091,97.80911811204594,143.81163140545894,Đ.Biên,0,0,1,(NULL)
58,1,Phú Yên,VN-32,13.090179,109.091492,phu yen,13.694343,109.4588245,12.705112,108.672809,78.16236974477107,62.346665040025236,P.Yên,0,0,1,(NULL)
59,1,Thái Bình,VN-20,20.538935,106.394348,thai binh,20.728204,106.6308669,20.2802141,106.109368,32.468481098053935,41.26221167680746,T.Bình,0,0,1,(NULL)
60,1,Ninh Bình,VN-18,20.250924,105.974808,ninh binh,20.4552341,106.1673527,19.9628219,105.5424731,37.074910914714536,48.50461810024614,N.Bình,0,0,1,(NULL)
61,1,Nam Định,VN-67,20.42025,106.168098,nam dinh,20.4996661,106.5649637,19.968296,105.924061,44.80343909742133,45.34389313620648,N.Định,0,0,1,(NULL)
62,1,Lai Châu,VN-01,22.362776,103.265991,lai chau,22.8214739,103.985241,21.6847368,102.3274711,85.51366985299033,126.8020458170437,L.Châu,0,0,1,(NULL)
63,1,Yên Bái,VN-06,21.693161,104.872742,yen bai,22.291081,105.100925,21.3273449,103.887402,94.82959490802784,70.8530186894106,Y.Bái,0,0,1,(NULL)