id,company_id,department_id,job_title_id,name,tripi_user_id,phone,email,employee_code,status,is_primary,quick_setup,created,updated,identity,birthday,gender,identity_expired_date,role,passport_number,passport_expire_date,country_id,nationality_id,login_attempt,is_first_login,updated_to_sync,signature_photo,is_booking_locked,bank_name,bank_account,bank_account_name
11269,324,3583,1745,Nguyễn Hoàng Phương Anh,2882121,0906227378,anhnhp@f88.vn,F0011085,1,0,1,2026-06-05 07:50:55,2026-06-05 07:50:55,,(NULL),0,(NULL),TRIPI_ONE_STAFF,,(NULL),(NULL),(NULL),(NULL),1,2026-06-05 07:50:55,(NULL),0,(NULL),(NULL),(NULL)
11258,324,3581,1745,Nguyễn Ngọc Bích,2882100,0932208058,bichnn@f88.vn,F0007849,1,0,1,2026-06-05 07:46:34,2026-06-05 07:46:34,,(NULL),0,(NULL),TRIPI_ONE_STAFF,,(NULL),(NULL),(NULL),(NULL),1,2026-06-05 07:46:34,(NULL),0,(NULL),(NULL),(NULL)
11273,324,3590,1745,Lê Thị Cẩm Bình,2882132,0979415994,binhltc@f88.vn,F0008844,1,0,1,2026-06-05 07:53:25,2026-06-05 07:53:25,,(NULL),0,(NULL),TRIPI_ONE_STAFF,,(NULL),(NULL),(NULL),(NULL),1,2026-06-05 07:53:25,(NULL),0,(NULL),(NULL),(NULL)
11266,324,3587,388,Nguyễn Xuân Bình,2882116,0936696121,binhnx@f88.vn,F01387,1,0,1,2026-06-05 07:50:02,2026-06-05 07:50:02,,(NULL),1,(NULL),TRIPI_ONE_STAFF,,(NULL),(NULL),(NULL),(NULL),1,2026-06-05 07:50:02,(NULL),0,(NULL),(NULL),(NULL)
11324,324,3569,1745,Bùi Đức Chung,2882276,0972769955,chungbd2@f88.vn,F0008702,1,0,1,2026-06-05 08:51:28,2026-06-05 08:51:28,,(NULL),1,(NULL),TRIPI_ONE_STAFF,,(NULL),(NULL),(NULL),(NULL),1,2026-06-05 08:51:28,(NULL),0,(NULL),(NULL),(NULL)
11317,324,3594,388,Nguyễn Kiều Diễm,2882251,0907503546,diemnk@f88.vn,F100573,1,0,1,2026-06-05 08:38:06,2026-06-05 08:38:06,,(NULL),0,(NULL),TRIPI_ONE_STAFF,,(NULL),(NULL),(NULL),(NULL),1,2026-06-05 08:38:06,(NULL),0,(NULL),(NULL),(NULL)
11285,324,3579,393,Diệp Đông Đình,2882150,0922517900,dinhdd2@f88.vn,F106240,1,0,1,2026-06-05 07:57:30,2026-06-05 07:57:30,,(NULL),1,(NULL),TRIPI_ONE_STAFF,,(NULL),(NULL),(NULL),(NULL),1,2026-06-05 07:57:30,(NULL),0,(NULL),(NULL),(NULL)
11257,324,3568,1745,Hồ Thị Kiều Gấm,2882099,0939001587,gamhtk@f88.vn,F100787,1,0,1,2026-06-05 07:46:16,2026-06-05 08:49:46,,(NULL),0,(NULL),TRIPI_ONE_STAFF,,(NULL),(NULL),(NULL),(NULL),0,2026-06-05 08:49:46,(NULL),0,(NULL),(NULL),(NULL)
10918,324,402,396,Phạm Nguyễn Trường Giang,2824796,0388722740,giangpnt2@f88.vn,F0007278,1,1,1,2026-04-10 03:29:40,2026-07-03 04:50:07,,(NULL),1,(NULL),TRIPI_ONE_OWNER,,(NULL),(NULL),(NULL),(NULL),0,2026-07-03 04:50:07,(NULL),0,(NULL),(NULL),(NULL)
11301,324,3601,388,Bùi Hồng Hải,2882175,0919881320,haibh@f88.vn,FT00094,1,0,1,2026-06-05 08:03:14,2026-06-05 08:03:14,,(NULL),1,(NULL),TRIPI_ONE_STAFF,,(NULL),(NULL),(NULL),(NULL),1,2026-06-05 08:03:14,(NULL),0,(NULL),(NULL),(NULL)
11291,324,3572,1751,Nguyễn Thị Hằng,2882160,0981188093,hangnt@f88.vn,F00063,1,0,1,2026-06-05 08:00:14,2026-06-05 08:00:14,,(NULL),0,(NULL),TRIPI_ONE_STAFF,,(NULL),(NULL),(NULL),(NULL),1,2026-06-05 08:00:14,(NULL),0,(NULL),(NULL),(NULL)
11284,324,3598,1746,Nguyễn Thị Minh Hằng,2882148,0902966622,hangntm3@f88.vn,F0011154,1,0,1,2026-06-05 07:57:12,2026-06-05 07:57:12,,(NULL),0,(NULL),TRIPI_ONE_STAFF,,(NULL),(NULL),(NULL),(NULL),1,2026-06-05 07:57:12,(NULL),0,(NULL),(NULL),(NULL)
11287,324,3582,396,Trần Thị Minh Hằng,2882155,0968367570,hangttm@f88.vn,F00603,1,0,1,2026-06-05 07:58:46,2026-06-05 07:58:46,,(NULL),0,(NULL),TRIPI_ONE_STAFF,,(NULL),(NULL),(NULL),(NULL),1,2026-06-05 07:58:46,(NULL),0,(NULL),(NULL),(NULL)
11253,324,402,1745,Vũ Thanh Hằng,2882091,0328534500,hangvt2@f88.vn,F03539,1,0,1,2026-06-05 07:44:49,2026-06-05 08:13:34,,(NULL),0,(NULL),TRIPI_ONE_ADMIN,,(NULL),(NULL),(NULL),(NULL),0,2026-06-05 08:13:34,(NULL),0,(NULL),(NULL),(NULL)
11302,324,3601,388,Nguyễn Phú Hân,2882177,0985281093,hannp@f88.vn,FT00040,1,0,1,2026-06-05 08:03:32,2026-06-05 08:03:33,,(NULL),0,(NULL),TRIPI_ONE_STAFF,,(NULL),(NULL),(NULL),(NULL),1,2026-06-05 08:03:33,(NULL),0,(NULL),(NULL),(NULL)
11283,324,3585,1745,Nguyễn Thị Hà,2882147,0974393883,hant@f88.vn,F00006,1,0,1,2026-06-05 07:56:54,2026-06-05 07:56:54,,(NULL),0,(NULL),TRIPI_ONE_STAFF,,(NULL),(NULL),(NULL),(NULL),1,2026-06-05 07:56:54,(NULL),0,(NULL),(NULL),(NULL)
11277,324,3589,1744,Nguyễn Thu Hiền,2882139,0902279991,hiennt14@f88.vn,F105841,1,0,1,2026-06-05 07:55:06,2026-06-05 07:55:07,,(NULL),0,(NULL),TRIPI_ONE_STAFF,,(NULL),(NULL),(NULL),(NULL),1,2026-06-05 07:55:07,(NULL),0,(NULL),(NULL),(NULL)
11262,324,3591,396,Tráng Thị Hiền,2882104,0968123401,hientt2@f88.vn,F01158,1,0,1,2026-06-05 07:47:46,2026-06-05 07:47:46,,(NULL),0,(NULL),TRIPI_ONE_STAFF,,(NULL),(NULL),(NULL),(NULL),1,2026-06-05 07:47:46,(NULL),0,(NULL),(NULL),(NULL)
11299,324,3595,1746,Đinh Gia Hiếu,2882170,0936077920,hieudg@f88.vn,FT00168,1,0,1,2026-06-05 08:02:38,2026-06-05 08:02:38,,(NULL),1,(NULL),TRIPI_ONE_STAFF,,(NULL),(NULL),(NULL),(NULL),1,2026-06-05 08:02:38,(NULL),0,(NULL),(NULL),(NULL)
11279,324,3580,1744,Đỗ Quốc Hiếu,2882142,0973906789,hieudq@f88.vn,F00058,1,0,1,2026-06-05 07:55:42,2026-06-05 07:57:57,,(NULL),1,(NULL),TRIPI_ONE_STAFF,,(NULL),(NULL),(NULL),(NULL),0,2026-06-05 07:57:57,(NULL),0,(NULL),(NULL),(NULL)
11274,324,3574,1744,Lương Bảo Hoàng,2882134,0909375493,hoanglb@f88.vn,F0006899,1,0,1,2026-06-05 07:54:12,2026-06-05 07:54:12,,(NULL),1,(NULL),TRIPI_ONE_STAFF,,(NULL),(NULL),(NULL),(NULL),1,2026-06-05 07:54:12,(NULL),0,(NULL),(NULL),(NULL)
11325,324,3572,388,Nguyễn Thị Hường,2882278,0989373709,huongnt@f88.vn,FT00013,1,0,1,2026-06-05 08:52:20,2026-06-05 08:52:20,,(NULL),0,(NULL),TRIPI_ONE_STAFF,,(NULL),(NULL),(NULL),(NULL),1,2026-06-05 08:52:20,(NULL),0,(NULL),(NULL),(NULL)
11310,324,3570,396,Nguyễn Yến Hương,2882242,0961058897,huongny@f88.vn,F0005492,1,0,1,2026-06-05 08:36:01,2026-06-05 08:36:01,,(NULL),0,(NULL),TRIPI_ONE_STAFF,,(NULL),(NULL),(NULL),(NULL),1,2026-06-05 08:36:01,(NULL),0,(NULL),(NULL),(NULL)
11290,324,3580,1746,Trần Thu Huyền,2882159,0983579901,huyentt4@f88.vn,F0006664,1,0,1,2026-06-05 07:59:56,2026-06-05 07:59:56,,(NULL),0,(NULL),TRIPI_ONE_STAFF,,(NULL),(NULL),(NULL),(NULL),1,2026-06-05 07:59:56,(NULL),0,(NULL),(NULL),(NULL)
11282,324,3579,393,Nguyễn Đình Khải,2882145,0363484200,khaind2@f88.vn,F105438,1,0,1,2026-06-05 07:56:36,2026-06-05 07:56:36,,(NULL),1,(NULL),TRIPI_ONE_STAFF,,(NULL),(NULL),(NULL),(NULL),1,2026-06-05 07:56:36,(NULL),0,(NULL),(NULL),(NULL)
11311,324,3577,1745,Nguyễn Ngọc Khoa,2882243,0986111986,khoann3@f88.vn,FT00126,1,0,1,2026-06-05 08:36:19,2026-06-05 08:36:19,,(NULL),1,(NULL),TRIPI_ONE_STAFF,,(NULL),(NULL),(NULL),(NULL),1,2026-06-05 08:36:19,(NULL),0,(NULL),(NULL),(NULL)
11267,324,3586,388,Đặng Tuấn Khôi,2882119,0348973848,khoidt@f88.vn,F01196,1,0,1,2026-06-05 07:50:19,2026-06-05 07:50:19,,(NULL),1,(NULL),TRIPI_ONE_STAFF,,(NULL),(NULL),(NULL),(NULL),1,2026-06-05 07:50:19,(NULL),0,(NULL),(NULL),(NULL)
11326,324,3569,1745,Nguyễn Xuân Khôi,2882289,0399699568,khoinx@f88.vn,FT00256,1,0,1,2026-06-05 08:57:51,2026-06-05 08:57:51,,(NULL),1,(NULL),TRIPI_ONE_STAFF,,(NULL),(NULL),(NULL),(NULL),1,2026-06-05 08:57:51,(NULL),0,(NULL),(NULL),(NULL)
11300,324,3598,1746,Nguyễn Tùng Lâm,2882174,0975699379,lamnt@f88.vn,F00020,1,0,1,2026-06-05 08:02:56,2026-06-05 08:02:56,,(NULL),1,(NULL),TRIPI_ONE_STAFF,,(NULL),(NULL),(NULL),(NULL),1,2026-06-05 08:02:56,(NULL),0,(NULL),(NULL),(NULL)
11251,324,402,388,Đỗ Ngọc Liên,2882087,0903233322,liendn@f88.vn,F00605,1,0,1,2026-06-05 07:44:05,2026-06-05 07:44:05,,(NULL),0,(NULL),TRIPI_ONE_ADMIN,,(NULL),(NULL),(NULL),(NULL),1,2026-06-05 07:44:05,(NULL),0,(NULL),(NULL),(NULL)
11252,324,402,396,Hà Diệu Linh,2882090,0866493372,linhhd3@f88.vn,F0008926,1,0,1,2026-06-05 07:44:32,2026-07-03 04:50:33,,(NULL),0,(NULL),TRIPI_ONE_ADMIN,,(NULL),(NULL),(NULL),(NULL),1,2026-07-03 04:50:33,(NULL),0,(NULL),(NULL),(NULL)
11288,324,3592,396,Lê Khánh Linh,2882157,0913162772,linhlk@f88.vn,F04953,1,0,1,2026-06-05 07:59:20,2026-06-05 07:59:20,,(NULL),0,(NULL),TRIPI_ONE_STAFF,,(NULL),(NULL),(NULL),(NULL),1,2026-06-05 07:59:20,(NULL),0,(NULL),(NULL),(NULL)
11294,324,3592,388,Nguyễn Ngọc Linh,2882165,0989667571,linhnn5@f88.vn,F0008888,1,0,1,2026-06-05 08:01:09,2026-06-05 08:01:09,,(NULL),0,(NULL),TRIPI_ONE_STAFF,,(NULL),(NULL),(NULL),(NULL),1,2026-06-05 08:01:09,(NULL),0,(NULL),(NULL),(NULL)
11259,324,3576,1744,Phan Nhật Linh,2882101,0963699988,linhpn2@f88.vn,I00013,1,0,1,2026-06-05 07:46:52,2026-06-05 16:02:56,,(NULL),0,(NULL),TRIPI_ONE_STAFF,,(NULL),(NULL),(NULL),(NULL),0,2026-06-05 16:02:56,(NULL),0,(NULL),(NULL),(NULL)
11320,324,3559,1750,Trương Khánh Linh,2882254,0868686353,linhtk3@f88.vn,F04771,1,0,1,2026-06-05 08:39:00,2026-06-05 08:39:00,,(NULL),0,(NULL),TRIPI_ONE_STAFF,,(NULL),(NULL),(NULL),(NULL),1,2026-06-05 08:39:00,(NULL),0,(NULL),(NULL),(NULL)
11323,324,3573,388,Trần Thị Diệu Linh,2882257,0911123692,linhtran@f88.vn,F00007,1,0,1,2026-06-05 08:39:54,2026-06-05 08:39:54,,(NULL),0,(NULL),TRIPI_ONE_STAFF,,(NULL),(NULL),(NULL),(NULL),1,2026-06-05 08:39:54,(NULL),0,(NULL),(NULL),(NULL)
11280,324,3581,1744,Bạch Thị Ngọc Loan,2882143,0934341100,loanbtn@f88.vn,F0007183,1,0,1,2026-06-05 07:56:00,2026-06-05 07:56:00,,(NULL),0,(NULL),TRIPI_ONE_STAFF,,(NULL),(NULL),(NULL),(NULL),1,2026-06-05 07:56:00,(NULL),0,(NULL),(NULL),(NULL)
11322,324,3583,396,Trần Huệ Lý,2882256,0339366034,lyth@f88.vn,F03426,1,0,1,2026-06-05 08:39:36,2026-06-05 08:39:36,,(NULL),0,(NULL),TRIPI_ONE_STAFF,,(NULL),(NULL),(NULL),(NULL),1,2026-06-05 08:39:36,(NULL),0,(NULL),(NULL),(NULL)
11254,324,3588,1744,Tạ Thị Ly,2882092,0338594184,lytt@f88.vn,I00002,1,0,1,2026-06-05 07:45:12,2026-06-05 07:45:12,,(NULL),0,(NULL),TRIPI_ONE_STAFF,,(NULL),(NULL),(NULL),(NULL),1,2026-06-05 07:45:12,(NULL),0,(NULL),(NULL),(NULL)
11309,324,3584,396,Trần Thị Phương Ly,2882240,0328722768,lyttp@f88.vn,F0006588,1,0,1,2026-06-05 08:35:43,2026-06-05 08:35:43,,(NULL),0,(NULL),TRIPI_ONE_STAFF,,(NULL),(NULL),(NULL),(NULL),1,2026-06-05 08:35:43,(NULL),0,(NULL),(NULL),(NULL)
11264,324,3593,1751,Nguyễn Hoàng Thanh Mai,2882113,0961240388,mainht@f88.vn,F0005555,1,0,1,2026-06-05 07:49:26,2026-06-05 07:49:26,,(NULL),0,(NULL),TRIPI_ONE_STAFF,,(NULL),(NULL),(NULL),(NULL),1,2026-06-05 07:49:26,(NULL),0,(NULL),(NULL),(NULL)
11319,324,402,1751,Nguyễn Thị Thanh Mai,2882253,0986150960,maintt3@f88.vn,F02344,1,0,1,2026-06-05 08:38:42,2026-06-05 08:38:42,,(NULL),0,(NULL),TRIPI_ONE_STAFF,,(NULL),(NULL),(NULL),(NULL),1,2026-06-05 08:38:42,(NULL),0,(NULL),(NULL),(NULL)
3598,324,402,1745,Võ Thị Kim Mai,1838494,0907665865,maivtk@f88.vn,F102135,1,0,1,2023-03-21 06:32:42,2026-07-03 04:48:16,(NULL),(NULL),0,(NULL),TRIPI_ONE_OWNER,(NULL),(NULL),(NULL),(NULL),(NULL),0,2026-07-03 04:48:16,(NULL),0,(NULL),(NULL),(NULL)
11261,324,3579,388,Hoàng Văn Mẫn,2882103,0972874884,manhv@f88.vn,F00036,1,0,1,2026-06-05 07:47:28,2026-06-05 07:47:28,,(NULL),1,(NULL),TRIPI_ONE_STAFF,,(NULL),(NULL),(NULL),(NULL),1,2026-06-05 07:47:28,(NULL),0,(NULL),(NULL),(NULL)
11278,324,3566,1745,Nguyễn Văn Minh,2882140,0934031038,minhnv2@f88.vn,F101518,1,0,1,2026-06-05 07:55:24,2026-06-05 07:55:24,,(NULL),1,(NULL),TRIPI_ONE_STAFF,,(NULL),(NULL),(NULL),(NULL),1,2026-06-05 07:55:24,(NULL),0,(NULL),(NULL),(NULL)
11260,324,3579,1751,Phạm Tuấn Minh,2882102,0962812419,minhpt@f88.vn,F100002,1,0,1,2026-06-05 07:47:11,2026-06-05 07:47:11,,(NULL),1,(NULL),TRIPI_ONE_STAFF,,(NULL),(NULL),(NULL),(NULL),1,2026-06-05 07:47:11,(NULL),0,(NULL),(NULL),(NULL)
11255,324,3571,1745,Nguyễn Thị Phương My,2882096,0964361041,myntp@f88.vn,FT00221,1,0,1,2026-06-05 07:45:41,2026-06-05 07:45:41,,(NULL),0,(NULL),TRIPI_ONE_STAFF,,(NULL),(NULL),(NULL),(NULL),1,2026-06-05 07:45:41,(NULL),0,(NULL),(NULL),(NULL)
11268,324,3562,1752,Phạm Ngọc Hoàng Ngân,2882120,0982502890,nganpnh@f88.vn,F0006020,1,0,1,2026-06-05 07:50:37,2026-06-05 07:50:38,,(NULL),0,(NULL),TRIPI_ONE_STAFF,,(NULL),(NULL),(NULL),(NULL),1,2026-06-05 07:50:38,(NULL),0,(NULL),(NULL),(NULL)
11315,324,3600,1746,Ngô Trọng Nhân,2882248,0949527569,nhannt3@f88.vn,F103002,1,0,1,2026-06-05 08:37:30,2026-06-05 08:37:30,,(NULL),1,(NULL),TRIPI_ONE_STAFF,,(NULL),(NULL),(NULL),(NULL),1,2026-06-05 08:37:30,(NULL),0,(NULL),(NULL),(NULL)
11308,324,3567,388,Phạm Thị Nhân,2882239,0934077372,nhanpt2@f88.vn,F0005136,1,0,1,2026-06-05 08:35:25,2026-06-05 08:35:25,,(NULL),0,(NULL),TRIPI_ONE_STAFF,,(NULL),(NULL),(NULL),(NULL),1,2026-06-05 08:35:25,(NULL),0,(NULL),(NULL),(NULL)
11265,324,3620,393,Trịnh Ngọc Nhất,2882114,0911264665,nhattn2@f88.vn,F0005213,1,0,1,2026-06-05 07:49:44,2026-07-03 04:40:25,,(NULL),1,(NULL),TRIPI_ONE_STAFF,,(NULL),(NULL),(NULL),(NULL),1,2026-07-03 04:40:25,(NULL),0,(NULL),(NULL),(NULL)
11276,324,3589,396,Trần Hồng Nhung,2882138,0904888167,nhungth3@f88.vn,F05060,1,0,1,2026-06-05 07:54:48,2026-06-05 07:54:48,,(NULL),0,(NULL),TRIPI_ONE_STAFF,,(NULL),(NULL),(NULL),(NULL),1,2026-06-05 07:54:48,(NULL),0,(NULL),(NULL),(NULL)
11307,324,3580,388,Nguyễn Hà Phương,2882236,0916664790,phuongnh3@f88.vn,F01612,1,0,1,2026-06-05 08:35:07,2026-06-05 08:35:07,,(NULL),0,(NULL),TRIPI_ONE_STAFF,,(NULL),(NULL),(NULL),(NULL),1,2026-06-05 08:35:07,(NULL),0,(NULL),(NULL),(NULL)
11316,324,3560,1746,Trần Phong Phú,2882249,0932056678,phutp@f88.vn,F100335,1,0,1,2026-06-05 08:37:48,2026-06-05 08:37:49,,(NULL),1,(NULL),TRIPI_ONE_STAFF,,(NULL),(NULL),(NULL),(NULL),1,2026-06-05 08:37:49,(NULL),0,(NULL),(NULL),(NULL)
11314,324,3577,1745,Bùi Văn Quyền,2882247,0393638455,quyenbv@f88.vn,F0007848,1,0,1,2026-06-05 08:37:13,2026-06-05 08:37:13,,(NULL),1,(NULL),TRIPI_ONE_STAFF,,(NULL),(NULL),(NULL),(NULL),1,2026-06-05 08:37:13,(NULL),0,(NULL),(NULL),(NULL)
11312,324,3601,1748,Nguyễn Văn Sáng,2882244,0988954651,sangnv@f88.vn,FT00045,1,0,1,2026-06-05 08:36:37,2026-06-05 08:36:37,,(NULL),1,(NULL),TRIPI_ONE_STAFF,,(NULL),(NULL),(NULL),(NULL),1,2026-06-05 08:36:37,(NULL),0,(NULL),(NULL),(NULL)
11306,324,3577,1745,Nguyễn Hữu Sinh,2882235,0988378800,sinhnh@f88.vn,FT00053,1,0,1,2026-06-05 08:34:49,2026-06-05 08:34:49,,(NULL),1,(NULL),TRIPI_ONE_STAFF,,(NULL),(NULL),(NULL),(NULL),1,2026-06-05 08:34:49,(NULL),0,(NULL),(NULL),(NULL)
11292,324,3559,1746,Nguyễn Minh Tâm,2882161,0978208887,tamnm@f88.vn,F01082,1,0,1,2026-06-05 08:00:32,2026-06-05 08:00:33,,(NULL),0,(NULL),TRIPI_ONE_STAFF,,(NULL),(NULL),(NULL),(NULL),1,2026-06-05 08:00:33,(NULL),0,(NULL),(NULL),(NULL)
11298,324,3563,1747,Trần Mai Thảo,2882169,0989291545,thaotm2@f88.vn,F0006974,1,0,1,2026-06-05 08:02:20,2026-06-05 08:02:20,,(NULL),0,(NULL),TRIPI_ONE_STAFF,,(NULL),(NULL),(NULL),(NULL),1,2026-06-05 08:02:20,(NULL),0,(NULL),(NULL),(NULL)
11270,324,3579,396,Trần Ngọc Thiện,2882126,0385707879,thientn4@f88.vn,F0012855,1,0,1,2026-06-05 07:51:13,2026-06-05 07:51:14,,(NULL),1,(NULL),TRIPI_ONE_STAFF,,(NULL),(NULL),(NULL),(NULL),1,2026-06-05 07:51:14,(NULL),0,(NULL),(NULL),(NULL)
11289,324,3591,396,Huỳnh Thái Thông,2882158,0922256711,thonght@f88.vn,F100692,1,0,1,2026-06-05 07:59:38,2026-06-05 07:59:38,,(NULL),1,(NULL),TRIPI_ONE_STAFF,,(NULL),(NULL),(NULL),(NULL),1,2026-06-05 07:59:38,(NULL),0,(NULL),(NULL),(NULL)
11256,324,3575,393,Nguyễn Trịnh Minh Thư,2882097,0966485318,thuntm6@f88.vn,F0008955,1,0,1,2026-06-05 07:45:59,2026-06-05 07:45:59,,(NULL),0,(NULL),TRIPI_ONE_STAFF,,(NULL),(NULL),(NULL),(NULL),1,2026-06-05 07:45:59,(NULL),0,(NULL),(NULL),(NULL)
10919,324,402,396,Nguyễn Thị Thủy,2824828,0916630550,thuynt16@f88.vn,F03643,1,0,1,2026-04-10 03:55:14,2026-07-03 04:49:05,,(NULL),0,(NULL),TRIPI_ONE_STAFF,,(NULL),(NULL),(NULL),(NULL),0,2026-07-03 04:49:05,(NULL),0,(NULL),(NULL),(NULL)
11296,324,3597,1746,Nguyễn Thị Thu Thủy,2882167,0902147576,thuyntt17@f88.vn,F0008374,1,0,1,2026-06-05 08:01:45,2026-06-05 08:01:45,,(NULL),0,(NULL),TRIPI_ONE_STAFF,,(NULL),(NULL),(NULL),(NULL),1,2026-06-05 08:01:45,(NULL),0,(NULL),(NULL),(NULL)
11318,324,3561,1747,Bùi Ngọc Tín,2882252,0909016655,tinbn@f88.vn,F0011656,1,0,1,2026-06-05 08:38:24,2026-06-05 08:38:24,,(NULL),1,(NULL),TRIPI_ONE_STAFF,,(NULL),(NULL),(NULL),(NULL),1,2026-06-05 08:38:24,(NULL),0,(NULL),(NULL),(NULL)
11303,324,3578,1744,Đặng Văn Toàn,2882178,0933533000,toandv@f88.vn,FT00216,1,0,1,2026-06-05 08:03:51,2026-06-05 08:03:51,,(NULL),1,(NULL),TRIPI_ONE_STAFF,,(NULL),(NULL),(NULL),(NULL),1,2026-06-05 08:03:51,(NULL),0,(NULL),(NULL),(NULL)
11297,324,3596,1746,Nguyễn Văn Toàn,2882168,0913377666,toannv2@f88.vn,F0006914,1,0,1,2026-06-05 08:02:02,2026-06-05 08:02:02,,(NULL),1,(NULL),TRIPI_ONE_STAFF,,(NULL),(NULL),(NULL),(NULL),1,2026-06-05 08:02:02,(NULL),0,(NULL),(NULL),(NULL)
11313,324,3577,1745,Trần Quốc Toản,2882245,0382250694,toantq2@f88.vn,FT00159,1,0,1,2026-06-05 08:36:54,2026-06-05 08:36:54,,(NULL),1,(NULL),TRIPI_ONE_STAFF,,(NULL),(NULL),(NULL),(NULL),1,2026-06-05 08:36:54,(NULL),0,(NULL),(NULL),(NULL)
11275,324,3576,1745,Hoàng Hà Trang,2882135,0349195125,tranghh@f88.vn,F00457,1,0,1,2026-06-05 07:54:30,2026-06-05 07:54:30,,(NULL),0,(NULL),TRIPI_ONE_STAFF,,(NULL),(NULL),(NULL),(NULL),1,2026-06-05 07:54:30,(NULL),0,(NULL),(NULL),(NULL)
11272,324,3585,1745,Hoàng Thu Trang,2882128,0974266181,tranght2@f88.vn,F02371,1,0,1,2026-06-05 07:52:29,2026-06-05 07:52:29,,(NULL),0,(NULL),TRIPI_ONE_STAFF,,(NULL),(NULL),(NULL),(NULL),1,2026-06-05 07:52:29,(NULL),0,(NULL),(NULL),(NULL)
11293,324,3599,1746,Lê Quỳnh Trang,2882162,0933836789,tranglq@f88.vn,F02500,1,0,1,2026-06-05 08:00:50,2026-06-05 08:00:50,,(NULL),0,(NULL),TRIPI_ONE_STAFF,,(NULL),(NULL),(NULL),(NULL),1,2026-06-05 08:00:50,(NULL),0,(NULL),(NULL),(NULL)
11271,324,3592,1751,Nguyễn Huyền Trang,2882127,0987428518,trangnh@f88.vn,F00039,1,0,1,2026-06-05 07:51:31,2026-06-05 07:51:31,,(NULL),0,(NULL),TRIPI_ONE_STAFF,,(NULL),(NULL),(NULL),(NULL),1,2026-06-05 07:51:31,(NULL),0,(NULL),(NULL),(NULL)
11286,324,3620,393,Nguyễn Hương Trà,2882152,0949904565,tranh3@f88.vn,F0005950,1,0,1,2026-06-05 07:57:48,2026-07-03 04:40:09,,(NULL),0,(NULL),TRIPI_ONE_STAFF,,(NULL),(NULL),(NULL),(NULL),1,2026-07-03 04:40:09,(NULL),0,(NULL),(NULL),(NULL)
3601,324,402,393,Nguyễn Thị Huyền Trân,1838662,0568122998,trannth@f88.vn,F1000000,0,0,1,2023-03-21 09:40:25,2024-03-13 09:22:49,,29-11-1993,0,(NULL),TRIPI_ONE_STAFF,,(NULL),(NULL),(NULL),(NULL),0,2025-07-14 02:31:57,(NULL),0,(NULL),(NULL),(NULL)
4236,324,3573,1744,Phan Thị Trinh,2154895,0785399993,trinhpt@f88.vn,F100026,1,0,1,2024-03-13 09:22:39,2026-07-03 04:49:32,,14-05-1997,0,(NULL),TRIPI_ONE_STAFF,,(NULL),(NULL),(NULL),(NULL),0,2026-07-03 04:49:32,(NULL),0,(NULL),(NULL),(NULL)
11304,324,3578,1745,Đỗ Văn Trung,2882233,0386954394,trungdv2@f88.vn,F0010265,1,0,1,2026-06-05 08:34:13,2026-06-05 08:34:13,,(NULL),1,(NULL),TRIPI_ONE_STAFF,,(NULL),(NULL),(NULL),(NULL),1,2026-06-05 08:34:13,(NULL),0,(NULL),(NULL),(NULL)
11305,324,3577,1745,Nguyễn Đình Trung,2882234,0869887809,trungnd9@f88.vn,F0010753,1,0,1,2026-06-05 08:34:31,2026-06-05 08:34:31,,(NULL),1,(NULL),TRIPI_ONE_STAFF,,(NULL),(NULL),(NULL),(NULL),1,2026-06-05 08:34:31,(NULL),0,(NULL),(NULL),(NULL)
11263,324,3576,396,Phạm Quang Trường,2882109,0707077621,truongpq2@f88.vn,F104349,1,0,1,2026-06-05 07:49:07,2026-06-05 07:49:07,,(NULL),1,(NULL),TRIPI_ONE_STAFF,,(NULL),(NULL),(NULL),(NULL),1,2026-06-05 07:49:07,(NULL),0,(NULL),(NULL),(NULL)
11281,324,3620,1745,Đoàn Văn Tưởng,2882144,0912938567,tuongdv@f88.vn,F01528,1,0,1,2026-06-05 07:56:18,2026-07-03 04:40:34,,(NULL),1,(NULL),TRIPI_ONE_STAFF,,(NULL),(NULL),(NULL),(NULL),1,2026-07-03 04:40:34,(NULL),0,(NULL),(NULL),(NULL)
11295,324,3562,1747,Trần Tuấn Việt,2882166,0903214071,viettt2@f88.vn,F0007303,1,0,1,2026-06-05 08:01:27,2026-06-05 08:01:27,,(NULL),1,(NULL),TRIPI_ONE_STAFF,,(NULL),(NULL),(NULL),(NULL),1,2026-06-05 08:01:27,(NULL),0,(NULL),(NULL),(NULL)
11321,324,3583,388,Dương Quang Vinh,2882255,0973725008,vinhdq@f88.vn,F02026,1,0,1,2026-06-05 08:39:18,2026-06-05 08:39:18,,(NULL),1,(NULL),TRIPI_ONE_STAFF,,(NULL),(NULL),(NULL),(NULL),1,2026-06-05 08:39:18,(NULL),0,(NULL),(NULL),(NULL)