Mã nhân viên,Họ tên,Giới tính,Email,Phòng ban,Chức vụ,SĐT,Vai trò,Notes
2042,Lê Thị Hoàng Thơ,Nữ,le.t.hoang.tho@unitedpharma.com.vn,GDO,SUP,0908667346,Chủ quản,
2078,Đặng Thị Như Thủy,Nữ,dang.t.nhu.thuy@unitedpharma.com.vn,HR,Director,0986616544,Quản trị viên,
2107,Trương Sĩ Thị Lài,Nữ,truong.si.thi.lai@unitedpharma.com.vn,HR,Director,0903909644,Thành viên,
1750,Đặng Thị Nhung,Nữ,dang.t.nhung@unitedpharma.com.vn,RA&SC,SUP,0343593767,Thành viên,
2012,Nguyễn Thanh Huy,Nam,ng.thanh.huy@unitedpharma.com.vn,HR,KP,0988889140,Thành viên,
2019,Nguyễn Bảo Uyên,Nữ,ng.bao.uyen@unitedpharma.com.vn,HR,AM,0916032231,Thành viên,
2363,Hồ Thị Xuân Hương,Nữ,ho.t.xuan.huong@unitedpharma.com.vn,RA&SC,AM,0938930053,Thành viên,
0023,Nguyễn Hiếu Thuận,Nam,ng.hieu.thuan@unitedpharma.com.vn,RA&SC,Director,0903840817,Thành viên,
1813,Romeo Baldevieso David,Nam,romeo.david@unitedpharma.com.vn,ComEx,Director,0965499318,Thành viên,
1336,Huỳnh Thị Hồng Trinh,Nữ,huynh.t.hong.trinh@unitedpharma.com.vn,ComEx,KP,0903657535,Thành viên,
1483,Lâm Diễm Phượng,Nữ,lam.diem.phuong@unitedpharma.com.vn,ComEx,KP,0908228889,Thành viên,
1409,Nguyễn Thị Như Quỳnh,Nữ,ng.t.nhu.quynh@unitedpharma.com.vn,ComEx,AM,0977648813,Thành viên,
0969,Ngô Hoàng Minh Trung,Nam,ngo.hoang.minh.trung@unitedpharma.com.vn,ComEx,KP,0918766781,Thành viên,
2167,Annalyn Bertillo Riego De Dios,Nữ,anna.riegodedios@unitedpharma.com.vn,Finance,Director,0909330461,Thành viên,
2004,Bùi Thị Huỳnh Thanh,Nữ,bui.t.huynh.thanh@unitedpharma.com.vn,Finance,SUP,0965093070,Thành viên,
0962,Đỗ Mộng Tường Vi,Nữ,do.mong.tuong.vy@unitedpharma.com.vn,Finance,SUP,0909393084,Thành viên,
1187,Hà Minh Nhật,Nam,ha.minh.nhat@unitedpharma.com.vn,Finance,AM,0938655288,Thành viên,
1314,Nguyễn Thị Lộc,Nữ,ng.t.loc@unitedpharma.com.vn,Finance,SUP,0916972849,Thành viên,
2330,Trần Thị Xuân Trang,Nữ,tran.t.xuan.trang@unitedpharma.com.vn,OTC Marketing,Director,0919440800,Thành viên,
1818,Đinh Thị Hoàng Oanh,Nữ,dinh.t.hoang.oanh@unitedpharma.com.vn,OTC Marketing,R&F,0708074088,Thành viên,
2003,Nguyễn Thùy Tường Duy,Nữ,ng.thuy.tuong.duy@unitedpharma.com.vn,OTC Marketing,R&F,0335751725,Thành viên,
2343,Đỗ Thị Huỳnh Minh,Nữ,do.t.huynh.minh@unitedpharma.com.vn,OTC Marketing,AM,0342800790,Thành viên,
2292,Đoàn Ngọc Minh Tâm,Nữ,doan.ngoc.minh.tam@unitedpharma.com.vn,OTC Marketing,KP,0388787838,Thành viên,
2269,Nguyễn Trần Minh Luân,Nam,ng.tran.minh.luan@unitedpharma.com.vn,OTC Marketing,KP,0987059050,Thành viên,
2035,Phạm Đào Võ Nhật Thanh,Nam,pham.dao.vo.nhat.thanh@unitedpharma.com.vn,OTC Marketing,KP,0918507590,Thành viên,
1167,Võ Thị Ngọc Sương,Nữ,vo.t.ngoc.suong@unitedpharma.com.vn,OTC Marketing,AM,0919224000,Thành viên,
0138,Lê Trần Anh Thảo,Nữ,le.tran.anh.thao@unitedpharma.com.vn,ETC Marketing & BI,KP,0918495088,Thành viên,
2306,Lý Thị Thùy Trang,Nữ,ly.t.thuy.trang@unitedpharma.com.vn,ETC Marketing & BI,KP,0706608042,Thành viên,
2248,Nguyễn Nhựt Trường,Nam,ng.nhut.truong@unitedpharma.com.vn,ETC Marketing & BI,SUP,0903088308,Thành viên,
2186,Trần Thị Mỹ Hương,Nữ,tran.t.my.huong@unitedpharma.com.vn,ETC Marketing & BI,KP,0977383849,Thành viên,
2265,Võ Va Vỉ,Nam,vo.va.vi@unitedpharma.com.vn,ETC Marketing & BI,R&F,0382716233,Thành viên,
2275,Bùi Hồng Điệp,Nữ,bui.hong.diep@unitedpharma.com.vn,MBO,SUP,0907700447,Thành viên,
2389,Bùi Nguyễn Mỹ Hiền,Nữ,bui.ng.my.hien@unitedpharma.com.vn,MBO,R&F,0917416327,Thành viên,
2298,Đàm Thị Dung,Nữ,dam.t.dung@unitedpharma.com.vn,MBO,R&F,0945322755,Thành viên,
2334,Đường Quảng Long,Nam,duong.quang.long@unitedpharma.com.vn,MBO,AM,0912577957,Thành viên,
2277,Hoàng Thị Hương,Nữ,hoang.t.huong@unitedpharma.com.vn,MBO,R&F,0342348162,Thành viên,
2115,Hoàng Thị Thanh Huyền,Nữ,hoang.t.thanh.huyen@unitedpharma.com.vn,MBO,R&F,0904802167,Thành viên,
0353,Huỳnh Ngọc Cương,Nam,huynh.ngoc.cuong@unitedpharma.com.vn,MBO,SUP,0903998644,Thành viên,
2396,Huỳnh Thị Mỹ Hạnh,Nữ,huynh.t.my.hanh@unitedpharma.com.vn,MBO,R&F,0946498985,Thành viên,
2391,Huỳnh Thị Mỹ Quý,Nữ,huynh.t.my.quy@unitedpharma.com.vn,MBO,SUP,0984414279,Thành viên,
1514,Huỳnh Thị Tú Quyên,Nữ,huynh.t.tu.quyen@unitedpharma.com.vn,MBO,R&F,0777993402,Thành viên,
2382,Lê Mỹ Duy,Nữ,le.my.duy@unitedpharma.com.vn,MBO,R&F,0839414142,Thành viên,
1983,Lưu Thị Huệ,Nữ,luu.t.hue@unitedpharma.com.vn,MBO,SUP,0899898681,Chủ quản,
2388,Nguyễn Chí Công,Nam,ng.chi.cong@unitedpharma.com.vn,MBO,R&F,0862520705,Thành viên,
1658,Nguyễn Hồng Quang,Nam,ng.hong.quang@unitedpharma.com.vn,MBO,R&F,0974012368,Thành viên,
2266,Nguyễn Thị Kim Hằng,Nữ,ng.t.kim.hang@unitedpharma.com.vn,MBO,ROM,0919655586,Thành viên,
2360,Nguyễn Thị Ngọc Thủy,Nữ,ng.t.ngoc.thuy@unitedpharma.com.vn,MBO,R&F,0908689814,Thành viên,
0583,Nguyễn Thị Trong,Nữ,ng.t.trong@unitedpharma.com.vn,MBO,R&F,0913142255,Thành viên,
1686,Nguyễn Thị Tường Vi,Nữ,ng.t.tuong.vi@unitedpharma.com.vn,MBO,R&F,0902701631,Thành viên,
2220,Nguyễn Thị Vinh,Nữ,ng.t.vinh@unitedpharma.com.vn,MBO,R&F,0849294668,Thành viên,
1164,Nguyễn Thị Xuân Thùy,Nữ,ng.t.xuan.thuy@unitedpharma.com.vn,MBO,R&F,0909966674,Thành viên,
1973,Nguyễn Thái Mận,Nữ,ng.thai.man@unitedpharma.com.vn,MBO,R&F,0905851092,Thành viên,
2333,Nguyễn Thanh Bình,Nam,ng.thanh.binh@unitedpharma.com.vn,MBO,R&F,0965686893,Thành viên,
2377,Nguyễn Văn Dũng,Nam,ng.van.dung@unitedpharma.com.vn,MBO,R&F,0867820880,Thành viên,
2256,Nguyễn Thị Bích Thủy,Nữ,nguyen.thi.bich.thuy@unitedpharma.com.vn,MBO,Director,0908063736,Thành viên,
1198,Phạm Công Tuyên,Nam,pham.cong.tuyen@unitedpharma.com.vn,MBO,SUP,0797305477,Thành viên,
2361,Phạm Thị Mỹ Loan,Nữ,pham.t.my.loan@unitedpharma.com.vn,MBO,SUP,0909655434,Thành viên,
2287,Phạm Thị Mỹ Tuyên,Nữ,pham.t.my.tuyen@unitedpharma.com.vn,MBO,R&F,0933024367,Thành viên,
2284,Phạm Thanh Dũng,Nam,pham.thanh.dung@unitedpharma.com.vn,MBO,SUP,0973761309,Thành viên,
2348,Phạm Thanh Tiệp,Nữ,pham.thanh.tiep@unitedpharma.com.vn,MBO,ROM,0985851916,Thành viên,
1532,Phan Doãn Hạ,Nam,phan.doan.ha@unitedpharma.com.vn,MBO,R&F,0971967899,Thành viên,
2347,Phan Thị Ánh Vân,Nữ,phan.t.anh.van@unitedpharma.com.vn,MBO,R&F,0982014749,Thành viên,
0833,Thì Trường Trí,Nam,thi.truong.tri@unitedpharma.com.vn,MBO,R&F,0918433324,Thành viên,
0032,Trần Ngọc Thi,Nam,tran.ngoc.thi@unitedpharma.com.vn,MBO,KP,0903908064,Thành viên,
1008,Trần Thị Thu Thảo,Nữ,tran.t.thu.thao@unitedpharma.com.vn,MBO,R&F,0989112258,Thành viên,
2323,Trịnh Ngọc Quân,Nam,trinh.ngoc.quan@unitedpharma.com.vn,MBO,R&F,0912246283,Thành viên,
2326,Trịnh Nhật Linh,Nữ,trinh.nhat.linh@unitedpharma.com.vn,MBO,R&F,0981766847,Thành viên,
2102,Võ Quang Vinh,Nam,vo.quang.vinh@unitedpharma.com.vn,MBO,R&F,0775418683,Thành viên,
2385,Võ Thị Ái Loan,Nữ,vo.t.ai.loan@unitedpharma.com.vn,MBO,AM,0914046623,Thành viên,
1970,Võ Thị Minh Thương,Nữ,vo.t.minh.thuong@unitedpharma.com.vn,MBO,SUP,0886698276,Thành viên,
2232,Vũ Thị Trang,Nữ,vu.t.trang@unitedpharma.com.vn,MBO,R&F,0349752060,Thành viên,
2158,Bùi Đông Mạnh,Nam,bui.dong.manh@unitedpharma.com.vn,S&D,R&F,0977977427,Thành viên,
2177,Bùi Nguyễn Nhật Minh,Nữ,bui.ng.nhat.minh@unitedpharma.com.vn,S&D,R&F,0905600772,Thành viên,
2295,Bùi Thị Hoa,Nữ,bui.t.hoa1@unitedpharma.com.vn,S&D,R&F,0918793839,Thành viên,
1807,Bùi Trung Dũng,Nam,bui.trung.dung@unitedpharma.com.vn,S&D,R&F,0902038236,Thành viên,
1405,Cù Thị Thu Hằng,Nữ,cu.t.thu.hang@unitedpharma.com.vn,S&D,R&F,0945837881,Thành viên,
2121,Đặng Hưng Văn,Nam,dang.hung.van@unitedpharma.com.vn,S&D,R&F,0964911303,Thành viên,
0691,Đặng Minh Cường,Nam,dang.minh.cuong@unitedpharma.com.vn,S&D,R&F,0702456856,Thành viên,
1444,Đặng Quốc Dũng,Nam,dang.quoc.dung@unitedpharma.com.vn,S&D,SUP,0933841479,Thành viên,
2264,Đặng Thị Điền,Nữ,dang.t.dien@unitedpharma.com.vn,S&D,R&F,0988315096,Thành viên,
1230,Đào Văn Hậu,Nam,dao.van.hau@unitedpharma.com.vn,S&D,SUP,0847170175,Thành viên,
2327,Đỗ Văn Sửa,Nam,do.van.sua@unitedpharma.com.vn,S&D,R&F,0985132211,Thành viên,
1785,Dương Văn Lộc,Nam,duong.van.loc@unitedpharma.com.vn,S&D,R&F,0902570676,Thành viên,
1862,Hà Huy Hiệp,Nam,ha.huy.hiep@unitedpharma.com.vn,S&D,R&F,0932331233,Thành viên,
2219,Hồ Ngọc Hiền,Nam,ho.ngoc.hien@unitedpharma.com.vn,S&D,R&F,0901012344,Thành viên,
1516,Hồ Quang Thiện,Nam,ho.quang.thien@unitedpharma.com.vn,S&D,R&F,0939656875,Thành viên,
1247,Hồ Thị Xuân,Nữ,ho.t.xuan@unitedpharma.com.vn,S&D,R&F,0972298359,Thành viên,
0914,Hoàng Thị Ái Thảo,Nữ,hoang.t.ai.thao@unitedpharma.com.vn,S&D,R&F,0905850677,Thành viên,
2174,Hứa Thanh Nhã,Nam,hua.thanh.nha@unitedpharma.com.vn,S&D,R&F,0975355582,Thành viên,
1587,Huỳnh Bảo Châu,Nữ,huynh.bao.chau@unitedpharma.com.vn,S&D,R&F,0913898471,Thành viên,
2199,Huỳnh Chung Hiếu,Nam,huynh.chung.hieu@unitedpharma.com.vn,S&D,R&F,0933330008,Thành viên,
2272,Huỳnh Long Minh Thư,Nữ,huynh.long.minh.thu@unitedpharma.com.vn,S&D,R&F,0939929211,Thành viên,
1677,Huỳnh Thị Thúy Vy,Nữ,huynh.t.thuy.vy@unitedpharma.com.vn,S&D,R&F,0708326815,Thành viên,
1083,Huỳnh Trung Nguyên,Nam,huynh.trung.nguyen@unitedpharma.com.vn,S&D,SUP,0974329459,Thành viên,
1158,Lâm Văn An,Nam,lam.van.an@unitedpharma.com.vn,S&D,R&F,0917909524,Thành viên,
1218,Lê Chí Cường,Nam,le.chi.cuong@unitedpharma.com.vn,S&D,SUP,0904990500,Thành viên,
0629,Lê Gia Thanh Bình,Nam,le.gia.thanh.binh@unitedpharma.com.vn,S&D,KP,0836838811,Thành viên,
2243,Lê Hồng Hướng,Nam,le.hong.huong@unitedpharma.com.vn,S&D,R&F,0986621428,Thành viên,
2223,Lê Kiều Phương,Nữ,le.kieu.phuong@unitedpharma.com.vn,S&D,SUP,0909984143,Thành viên,
2362,Lê Ngọc Hưng,Nam,le.ngoc.hung@unitedpharma.com.vn,S&D,R&F,0385939486,Thành viên,
2281,Lê Thị Như Quỳnh,Nữ,le.t.nhu.quynh@unitedpharma.com.vn,S&D,R&F,0909940047,Thành viên,
2203,Lê Thị Nhung,Nữ,le.t.nhung@unitedpharma.com.vn,S&D,AM,0941547879,Thành viên,
2262,Lê Tấn Đức,Nam,le.tan.duc@unitedpharma.com.vn,S&D,KP,0905838166,Thành viên,
2194,Lê Văn Duy Nhất,Nam,le.van.duy.nhat@unitedpharma.com.vn,S&D,KP,0909522955,Thành viên,
0199,Lê Vũ Ngọc Khoa,Nam,le.vu.ngoc.khoa@unitedpharma.com.vn,S&D,SUP,0912331004,Thành viên,
0560,Lê Vũ Nguyễn,Nam,le.vu.nguyen@unitedpharma.com.vn,S&D,R&F,0913463000,Thành viên,
2161,Liêu Kim Hồng,Nữ,lieu.kim.hong@unitedpharma.com.vn,S&D,R&F,0907262355,Thành viên,
2193,Nguyễn Anh Quốc,Nam,ng.anh.quoc@unitedpharma.com.vn,S&D,R&F,0938444260,Thành viên,
2020,Nguyễn Anh Thư,Nữ,ng.anh.thu@unitedpharma.com.vn,S&D,R&F,0935918856,Thành viên,
2351,Nguyễn Công Tiến,Nam,ng.cong.tien@unitedpharma.com.vn,S&D,SUP,0936171229,Thành viên,
2375,Nguyễn Hoàng Vinh,Nam,ng.hoang.vinh@unitedpharma.com.vn,S&D,R&F,0975333949,Thành viên,
2254,Nguyễn Hồng Sơn,Nam,ng.hong.son@unitedpharma.com.vn,S&D,KP,0936300573,Thành viên,
2366,Nguyễn Khắc Ngọc,Nam,ng.khac.ngoc@unitedpharma.com.vn,S&D,R&F,0983437261,Thành viên,
2041,Nguyễn Mác Tin,Nam,ng.mac.tin@unitedpharma.com.vn,S&D,R&F,0904934743,Thành viên,
2142,Nguyễn Ngọc Thành,Nam,ng.ngoc.thanh@unitedpharma.com.vn,S&D,R&F,0355849284,Thành viên,
2123,Nguyễn Thị Hồng Nhung,Nữ,ng.t.hong.nhung@unitedpharma.com.vn,S&D,SUP,0933423779,Chủ quản,
2187,Nguyễn Thị Kiều Loan,Nữ,ng.t.kieu.loan@unitedpharma.com.vn,S&D,R&F,0949207507,Thành viên,
2168,Nguyễn Thị Ngọc,Nữ,ng.t.ngoc@unitedpharma.com.vn,S&D,R&F,0367537141,Thành viên,
2318,Nguyễn Thị Thanh Trúc,Nữ,ng.t.thanh.truc@unitedpharma.com.vn,S&D,R&F,0775086396,Thành viên,
2097,Nguyễn Thành Chung,Nam,ng.thanh.chung@unitedpharma.com.vn,S&D,R&F,0969869630,Thành viên,
1936,Nguyễn Thanh Tú,Nam,ng.thanh.tu@unitedpharma.com.vn,S&D,R&F,0963779114,Thành viên,
1631,Nguyễn Thanh Tùng,Nam,ng.thanh.tung2@unitedpharma.com.vn,S&D,R&F,0905568868,Thành viên,
0912,Nguyễn Tú,Nam,ng.tu@unitedpharma.com.vn,S&D,SUP,0905999961,Thành viên,
2271,Nguyễn Văn Hiển,Nam,ng.van.hien@unitedpharma.com.vn,S&D,R&F,0987237177,Thành viên,
2205,Nguyễn Văn Hướng,Nam,ng.van.huong@unitedpharma.com.vn,S&D,R&F,0948979986,Thành viên,
1717,Nguyễn Việt Trung,Nam,ng.viet.trung@unitedpharma.com.vn,S&D,R&F,0963017663,Thành viên,
2214,Nguyễn Xuân Minh,Nam,ng.xuan.minh@unitedpharma.com.vn,S&D,R&F,0911555822,Thành viên,
0777,Phạm Như Quỳnh,Nữ,pham.nhu.quynh@unitedpharma.com.vn,S&D,R&F,0983984826,Thành viên,
2149,Phạm Thị Hạnh Dương,Nữ,pham.t.hanh.duong@unitedpharma.com.vn,S&D,R&F,0908846932,Thành viên,
1359,Phạm Thị Ngọc Yến,Nữ,pham.t.ngoc.yen@unitedpharma.com.vn,S&D,R&F,0973378369,Thành viên,
1204,Phan Thanh Hải,Nam,phan.thanh.hai@unitedpharma.com.vn,S&D,R&F,0912777702,Thành viên,
1645,Phùng Kim Khôi,Nam,phung.kim.khoi@unitedpharma.com.vn,S&D,R&F,0975388669,Thành viên,
1114,Quách Tấn Lộc,Nam,quach.tan.loc@unitedpharma.com.vn,S&D,SUP,0944919195,Thành viên,
2331,Trần Đình Toàn,Nam,tran.dinh.toan@unitedpharma.com.vn,S&D,Director,0903754917,Thành viên,
2371,Trần Lâm Thụy Tiểu My,Nữ,tran.lam.t.tieu.my@unitedpharma.com.vn,S&D,TDR,0922588686,Thành viên,
2273,Trần Mỹ Tiên,Nam,tran.my.tien@unitedpharma.com.vn,S&D,R&F,0945415541,Thành viên,
2320,Trần Quốc Tuấn,Nam,tran.quoc.tuan@unitedpharma.com.vn,S&D,SUP,0941547879,Thành viên,
1872,Trần Quý Hải,Nam,tran.quy.hai@unitedpharma.com.vn,S&D,R&F,0984267009,Thành viên,
1878,Trần Thị Hoan,Nữ,tran.t.hoan@unitedpharma.com.vn,S&D,R&F,0901238699,Thành viên,
2096,Trần Thị Nga,Nữ,tran.t.nga@unitedpharma.com.vn,S&D,R&F,0914123633,Thành viên,
1633,Trần Thị Thùy Trang,Nữ,tran.t.thuy.trang@unitedpharma.com.vn,S&D,R&F,0908627097,Thành viên,
1401,Trần Văn Công,Nam,tran.van.cong@unitedpharma.com.vn,S&D,R&F,0939408842,Thành viên,
0054,Trịnh Đức Hạnh,Nam,trinh.duc.hanh@unitedpharma.com.vn,S&D,SUP,0903576622,Thành viên,
2120,Trương Hoàng Huy,Nam,truong.hoang.huy@unitedpharma.com.vn,S&D,R&F,0902852171,Thành viên,
2026,Võ Quan Đỗ,Nam,vo.quan.do@unitedpharma.com.vn,S&D,R&F,0905394424,Thành viên,
2179,Võ Thị Thảo Nguyên,Nữ,vo.t.thao.nguyen@unitedpharma.com.vn,S&D,R&F,0972892755,Thành viên,
1574,Vũ Đại Cát,Nam,vu.dai.cat@unitedpharma.com.vn,S&D,SUP,0912392888,Thành viên,
2368,Nguyễn Quốc Hưng,Nam,ng.quoc.hung@unitedpharma.com.vn,TMG,KP,0908502558,Thành viên,
2195,Nguyễn Thanh Trường,Nam,ng.thanh.truong@unitedpharma.com.vn,TMG,AM,0972781101,Thành viên,
0319,Phạm Trung Trực,Nam,pham.trung.truc@unitedpharma.com.vn,TMG,SUP,0798481171,Thành viên,
9732,Nguyễn Thanh Thảo,Nữ,ng.thanh.thao@unitedpharma.com.vn,Plant,R&F,0384904092,Thành viên,
2056,Phan Thị Ngọc Hiếu,Nữ,phan.t.ngoc.hieu@unitedpharma.com.vn,Plant,R&F,0967482718,Thành viên,
1510,Trần Thị Huệ,Nữ,tran.t.hue@unitedpharma.com.vn,Plant,Director,0983199965,Thành viên,
