STT,Miền,Mã Phòng ban,Mã nhân viên,Họ và tên,Khối,Phòng ban,Chức danh,Số điện thoại,Email,Người duyệt
1,Hà Nội,TTQLSP_PTPTKD,VP02238,Nguyễn Chi Mai,Trung tâm Quản lý sản phẩm,Trung tâm Quản lý Sản phẩm - Phòng Phân tích và Phát triển Kinh doanh,Trưởng phòng Phân tích và phát triển Sản phẩm,912400993,mainc@vnpay.vn,Tanhle@vnpay.vn
2,Hà Nội,TTQLSP_PTPTKD,VP01307,Trần Thị Ngọc Thu,Trung tâm Quản lý sản phẩm,Trung tâm Quản lý Sản phẩm - Phòng Phân tích và Phát triển Kinh doanh,Phó phòng Phân tích và phát triển Sản phẩm,833336889,thuttn@vnpay.vn,Tanhle@vnpay.vn
3,Hà Nội,TTQLSP_PTPTKD,VP02511,Nguyễn Thị Hồng Trang,Trung tâm Quản lý sản phẩm,Trung tâm Quản lý Sản phẩm - Phòng Phân tích và Phát triển Kinh doanh,Chuyên viên Phân tích dữ liệu,389388826,trangnth5@vnpay.vn,Tanhle@vnpay.vn
4,Hà Nội,TTQLSP_PTPTKD,VP02529,Trần Mỹ Linh,Trung tâm Quản lý sản phẩm,Trung tâm Quản lý Sản phẩm - Phòng Phân tích và Phát triển Kinh doanh,Trưởng nhóm Phân tích dữ liệu,973578614,linhtm1@vnpay.vn,Tanhle@vnpay.vn
5,Hà Nội,TTQLSP_PTPTKD,VP02650,Nguyễn Đức Tuấn,Trung tâm Quản lý sản phẩm,Trung tâm Quản lý Sản phẩm - Phòng Phân tích và Phát triển Kinh doanh,Nhân viên Vận hành sản phẩm dữ liệu,866906169,tuannd4@vnpay.vn,Tanhle@vnpay.vn
6,Hà Nội,TTQLSP_PTPTKD,VP02818,Đoàn Gia Anh,Trung tâm Quản lý sản phẩm,Trung tâm Quản lý Sản phẩm - Phòng Phân tích và Phát triển Kinh doanh,Nhân viên Phân tích dữ liệu,963593603,anhdg@vnpay.vn,Tanhle@vnpay.vn
7,Hà Nội,TTQLSP_PTPTKD,VP03122,Nguyễn Mạnh Huy,Trung tâm Quản lý sản phẩm,Trung tâm Quản lý Sản phẩm - Phòng Phân tích và Phát triển Kinh doanh,Nhân viên phân tích dữ liệu,855655354,huynm@vnpay.vn,Tanhle@vnpay.vn
8,Hà Nội,TTQLSP_PTPTKD,VP03437,Nguyễn Văn Đông,Trung tâm Quản lý sản phẩm,Trung tâm Quản lý Sản phẩm - Phòng Phân tích và Phát triển Kinh doanh,Nhân viên Phân tích dữ liệu,962064440,dongnv2@vnpay.vn,Tanhle@vnpay.vn
9,Hà Nội,TTQLSP_PTPTKD,VP01828,Nguyễn Diệu Linh,Trung tâm Quản lý sản phẩm,Trung tâm Quản lý Sản phẩm - Phòng Phân tích và Phát triển Kinh doanh,Trưởng nhóm Triển khai sản phẩm dữ liệu,974627381,linhnd@vnpay.vn,Tanhle@vnpay.vn
10,Hà Nội,TTQLSP_PTPTKD,VP03626,Nguyễn Đức Long,Trung tâm Quản lý sản phẩm,Trung tâm Quản lý Sản phẩm - Phòng Phân tích và Phát triển Kinh doanh,Nhân viên Phân tích dữ liệu,333312320,longnd5@vnpay.vn,Tanhle@vnpay.vn
11,Hà Nội,TTQLSP_PTPTKD,VP03806,Nghiêm Thị Hương Ly,Trung tâm Quản lý sản phẩm,Trung tâm Quản lý Sản phẩm - Phòng Phân tích và Phát triển Kinh doanh,Nhân viên phân tích dữ liệu,388735381,lynth@vnpay.vn,Tanhle@vnpay.vn
12,Hà Nội,TTQLSP_PTPTKD,VP03805,Hà Thanh Thảo,Trung tâm Quản lý sản phẩm,Trung tâm Quản lý Sản phẩm - Phòng Phân tích và Phát triển Kinh doanh,Nhân viên phân tích dữ liệu,869244624,thaoht5@vnpay.vn,Tanhle@vnpay.vn
13,Hà Nội,TTQLSP_PTPTKD,VP03812,Nguyễn Thế Dũng,Trung tâm Quản lý sản phẩm,Trung tâm Quản lý Sản phẩm - Phòng Phân tích và Phát triển Kinh doanh,Nhân viên phân tích dữ liệu,975960356,dungnt13@vnpay.vn,Tanhle@vnpay.vn
14,Hà Nội,TTQLSP_PTPTKD,VP03850,Nguyễn Ngọc Quỳnh Hoa,Trung tâm Quản lý sản phẩm,Trung tâm Quản lý Sản phẩm - Phòng Phân tích và Phát triển Kinh doanh,Nhân viên vận hành sản phẩm dữ liệu,353619699,hoannq@vnpay.vn,Tanhle@vnpay.vn
15,Hà Nội,TTQLSP_PTPTKD,VP03866,Vũ Thị Ngọc Thành,Trung tâm Quản lý sản phẩm,Trung tâm Quản lý Sản phẩm - Phòng Phân tích và Phát triển Kinh doanh,Nhân viên phân tích dữ liệu,387890801,thanhvtn@vnpay.vn,Tanhle@vnpay.vn
16,Hà Nội,TTQLSP_PTPTKD,VP03877,Phạm Trúc Quỳnh,Trung tâm Quản lý sản phẩm,Trung tâm Quản lý Sản phẩm - Phòng Phân tích và Phát triển Kinh doanh,Nhân viên phát triển sản phẩm dữ liệu,365351821,quynhpt2@vnpay.vn,Tanhle@vnpay.vn
17,Hà Nội,TTQLSP_PTPTKD,VP03958,Phan Thu Thủy,Trung tâm Quản lý sản phẩm,Trung tâm Quản lý Sản phẩm - Phòng Phân tích và Phát triển Kinh doanh,Nhân viên phân tích dữ liệu,865884685,thuypt3@vnpay.vn,Tanhle@vnpay.vn
18,Hà Nội,TTQLSP_PTPTKD,VP03998,Đồng Mỹ Hằng,Trung tâm Quản lý sản phẩm,Trung tâm Quản lý Sản phẩm - Phòng Phân tích và Phát triển Kinh doanh,Nhân viên vận hành sản phẩm dữ liệu,949520683,hangdm@vnpay.vn,Tanhle@vnpay.vn
19,Hà Nội,TTQLSP_PTPTKD,VP04016,Đào Minh Trí,Trung tâm Quản lý sản phẩm,Trung tâm Quản lý Sản phẩm - Phòng Phân tích và Phát triển Kinh doanh,Nhân viên phân tích dữ liệu,837198098,tridm1@vnpay.vn,Tanhle@vnpay.vn
20,Hà Nội,TTQLSP_PTPTKD,VP04023,Lê Quỳnh Trang,Trung tâm Quản lý sản phẩm,Trung tâm Quản lý Sản phẩm - Phòng Phân tích và Phát triển Kinh doanh,Nhân viên phát triển sản phẩm dữ liệu,969956975,tranglq1@vnpay.vn,Tanhle@vnpay.vn
21,Hà Nội,TTQLSP_PTPTKD,VP04142,Nguyễn Hoàng Tú,Trung tâm Quản lý sản phẩm,Trung tâm Quản lý Sản phẩm - Phòng Phân tích và Phát triển Kinh doanh,Nhân viên phân tích dữ liệu,945665873,tunh1@vnpay.vn,Tanhle@vnpay.vn
22,Hà Nội,TTQLSP_BDH,VP00160,Trần Thị Minh,Trung tâm Quản lý sản phẩm,Ban Điều hành,Phó Giám đốc phụ trách Trung tâm,985281006,minhtt@vnpay.vn,Tanhle@vnpay.vn
23,Hà Nội,TTQLSP_KTPM,VP00223,Trần Thị Nguyệt,Trung tâm Quản lý sản phẩm,Phòng Kiểm thử phần mềm,Trưởng phòng Kiểm thử phần mềm,973905046,nguyettt@vnpay.vn,Tanhle@vnpay.vn
24,Hồ Chí Minh,TTQLSP_KTPM,VP00174,Nguyễn Thị Tường Vi,Trung tâm Quản lý sản phẩm,Phòng Kiểm thử phần mềm,Phó phòng Kiểm thử phần mềm,916800729,vintt@vnpay.vn,Tanhle@vnpay.vn
25,Hà Nội,TTQLSP_KTPM,VP00715,Nguyễn Thị Hồng,Trung tâm Quản lý sản phẩm,Phòng Kiểm thử phần mềm,Phó phòng Kiểm thử phần mềm,976878903,hongnt1@vnpay.vn,Tanhle@vnpay.vn
26,Hà Nội,TTQLSP_KTPM,VP00086,Nguyễn Thị Hiền,Trung tâm Quản lý sản phẩm,Phòng Kiểm thử phần mềm,Trưởng nhóm Kiểm thử,979382928,hiennt@vnpay.vn,Tanhle@vnpay.vn
27,Hà Nội,TTQLSP_KTPM,VP00172,Trần Thu Hằng,Trung tâm Quản lý sản phẩm,Phòng Kiểm thử phần mềm,Trưởng nhóm Kiểm thử,382268055,hangtt@vnpay.vn,Tanhle@vnpay.vn
28,Hà Nội,TTQLSP_KTPM,VP00405,Vũ Thị Bích Ngọc,Trung tâm Quản lý sản phẩm,Phòng Kiểm thử phần mềm,Trưởng nhóm Kiểm thử,986110390,ngocvtb1@vnpay.vn,Tanhle@vnpay.vn
29,Hà Nội,TTQLSP_KTPM,VP00565,Nguyễn Thị Hồng Hoa,Trung tâm Quản lý sản phẩm,Phòng Kiểm thử phần mềm,Trưởng nhóm Kiểm thử,962066910,hoanth@vnpay.vn,Tanhle@vnpay.vn
30,Hà Nội,TTQLSP_KTPM,VP00611,Nguyễn Thị Nguyệt,Trung tâm Quản lý sản phẩm,Phòng Kiểm thử phần mềm,Trưởng nhóm Kiểm thử,334773275,nguyetnt@vnpay.vn,Tanhle@vnpay.vn
31,Hà Nội,TTQLSP_KTPM,VP00621,Nguyễn Chí Đức,Trung tâm Quản lý sản phẩm,Phòng Kiểm thử phần mềm,Trưởng nhóm Kiểm thử,379081000,ducnc@vnpay.vn,Tanhle@vnpay.vn
32,Hà Nội,TTQLSP_KTPM,VP00622,Lê Khánh Trang,Trung tâm Quản lý sản phẩm,Phòng Kiểm thử phần mềm,Trưởng nhóm Kiểm thử,365211452,tranglk@vnpay.vn,Tanhle@vnpay.vn
33,Hà Nội,TTQLSP_KTPM,VP01247,Nguyễn Thị Ngát,Trung tâm Quản lý sản phẩm,Phòng Kiểm thử phần mềm,Trưởng nhóm Kiểm thử,943114017,ngatnt@vnpay.vn,Tanhle@vnpay.vn
34,Hồ Chí Minh,TTQLSP_KTPM,VP01277,Trương Thanh Tuyền,Trung tâm Quản lý sản phẩm,Phòng Kiểm thử phần mềm,Trưởng nhóm Kiểm thử,797527191,tuyentt@vnpay.vn,Tanhle@vnpay.vn
35,Hà Nội,TTQLSP_KTPM,VP01317,Đào Thị Lan Anh,Trung tâm Quản lý sản phẩm,Phòng Kiểm thử phần mềm,Trưởng nhóm Kiểm thử,983875124,anhdtl@vnpay.vn,Tanhle@vnpay.vn
36,Hồ Chí Minh,TTQLSP_KTPM,VP01547,Lưu Thị Thu Hà,Trung tâm Quản lý sản phẩm,Phòng Kiểm thử phần mềm,Trưởng nhóm Kiểm thử,987788396,haltt1@vnpay.vn,Tanhle@vnpay.vn
37,Hà Nội,TTQLSP_KTPM,VP00281,Trần Ân Thế,Trung tâm Quản lý sản phẩm,Phòng Kiểm thử phần mềm,Chuyên viên Kiểm thử,869024009,theta@vnpay.vn,Tanhle@vnpay.vn
38,Hà Nội,TTQLSP_KTPM,VP00430,Mai Thị Hà,Trung tâm Quản lý sản phẩm,Phòng Kiểm thử phần mềm,Chuyên viên Kiểm thử,868750758,hamt@vnpay.vn,Tanhle@vnpay.vn
39,Hà Nội,TTQLSP_KTPM,VP00557,Nguyễn Huy Lộc,Trung tâm Quản lý sản phẩm,Phòng Kiểm thử phần mềm,Chuyên viên Kiểm thử,963487654,locnh@vnpay.vn,Tanhle@vnpay.vn
40,Hà Nội,TTQLSP_KTPM,VP00726,Nguyễn Thị Hoa,Trung tâm Quản lý sản phẩm,Phòng Kiểm thử phần mềm,Chuyên viên Kiểm thử,399764702,hoant1@vnpay.vn,Tanhle@vnpay.vn
41,Hà Nội,TTQLSP_KTPM,VP01191,Vũ Thị Hải,Trung tâm Quản lý sản phẩm,Phòng Kiểm thử phần mềm,Chuyên viên Kiểm thử,989606494,haivt@vnpay.vn,Tanhle@vnpay.vn
42,Hà Nội,TTQLSP_KTPM,VP01363,Đào Thị Hà,Trung tâm Quản lý sản phẩm,Phòng Kiểm thử phần mềm,Chuyên viên Kiểm thử,335465189,hadt5@vnpay.vn,Tanhle@vnpay.vn
43,Hồ Chí Minh,TTQLSP_KTPM,VP01488,Võ Thị Bảo Trâm,Trung tâm Quản lý sản phẩm,Phòng Kiểm thử phần mềm,Chuyên viên Kiểm thử,869181265,tramvtb@vnpay.vn,Tanhle@vnpay.vn
44,Hà Nội,TTQLSP_KTPM,VP01500,Nguyễn Thị Phượng,Trung tâm Quản lý sản phẩm,Phòng Kiểm thử phần mềm,Chuyên viên Kiểm thử,768439131,phuongnt4@vnpay.vn,Tanhle@vnpay.vn
45,Hà Nội,TTQLSP_KTPM,VP01551,Nguyễn Kim Anh,Trung tâm Quản lý sản phẩm,Phòng Kiểm thử phần mềm,Chuyên viên Kiểm thử,862239233,anhnk3@vnpay.vn,Tanhle@vnpay.vn
46,Hồ Chí Minh,TTQLSP_KTPM,VP01678,Trương Thị Kim Yến,Trung tâm Quản lý sản phẩm,Phòng Kiểm thử phần mềm,Chuyên viên Kiểm thử,945764594,yenttk@vnpay.vn,Tanhle@vnpay.vn
47,Hồ Chí Minh,TTQLSP_KTPM,VP01706,Lê Thị Thu Dân,Trung tâm Quản lý sản phẩm,Phòng Kiểm thử phần mềm,Chuyên viên Kiểm thử,383349864,danltt@vnpay.vn,Tanhle@vnpay.vn
48,Hà Nội,TTQLSP_KTPM,VP01712,Phạm Thị Huế,Trung tâm Quản lý sản phẩm,Phòng Kiểm thử phần mềm,Chuyên viên Kiểm thử,977987084,huept@vnpay.vn,Tanhle@vnpay.vn
49,Hà Nội,TTQLSP_KTPM,VP01738,Trần Thị Minh Phượng,Trung tâm Quản lý sản phẩm,Phòng Kiểm thử phần mềm,Chuyên viên Kiểm thử,974544304,phuongttm1@vnpay.vn,Tanhle@vnpay.vn
50,Hồ Chí Minh,TTQLSP_KTPM,VP01768,Lê Thị Ly Ly,Trung tâm Quản lý sản phẩm,Phòng Kiểm thử phần mềm,Chuyên viên Kiểm thử,975316905,lyltl@vnpay.vn,Tanhle@vnpay.vn
51,Hà Nội,TTQLSP_KTPM,VP01794,Phạm Phương Thảo,Trung tâm Quản lý sản phẩm,Phòng Kiểm thử phần mềm,Chuyên viên Kiểm thử,965403820,thaopp2@vnpay.vn,Tanhle@vnpay.vn
52,Hà Nội,TTQLSP_KTPM,VP01835,Nguyễn Thị Thảo,Trung tâm Quản lý sản phẩm,Phòng Kiểm thử phần mềm,Chuyên viên Kiểm thử,968506994,thaont1@vnpay.vn,Tanhle@vnpay.vn
53,Hà Nội,TTQLSP_KTPM,VP01847,Hoàng Thị Ngọc Mai,Trung tâm Quản lý sản phẩm,Phòng Kiểm thử phần mềm,Chuyên viên Kiểm thử,357764141,maihtn@vnpay.vn,Tanhle@vnpay.vn
54,Hà Nội,TTQLSP_KTPM,VP01880,Lê Quang Lâm,Trung tâm Quản lý sản phẩm,Phòng Kiểm thử phần mềm,Chuyên viên Kiểm thử,378265090,lamlq1@vnpay.vn,Tanhle@vnpay.vn
55,Hà Nội,TTQLSP_KTPM,VP01904,Nguyễn Thị Phượng,Trung tâm Quản lý sản phẩm,Phòng Kiểm thử phần mềm,Chuyên viên Kiểm thử,988017359,phuongnt6@vnpay.vn,Tanhle@vnpay.vn
56,Hà Nội,TTQLSP_KTPM,VP01974,Trịnh Thùy Linh,Trung tâm Quản lý sản phẩm,Phòng Kiểm thử phần mềm,Chuyên viên Kiểm thử,989378694,linhtt2@vnpay.vn,Tanhle@vnpay.vn
57,Hà Nội,TTQLSP_KTPM,VP02012,Trần Thị Giang,Trung tâm Quản lý sản phẩm,Phòng Kiểm thử phần mềm,Chuyên viên Kiểm thử,358309608,giangtt@vnpay.vn,Tanhle@vnpay.vn
58,Hà Nội,TTQLSP_KTPM,VP02036,Trần Thị Linh Chi,Trung tâm Quản lý sản phẩm,Phòng Kiểm thử phần mềm,Chuyên viên Kiểm thử,968087618,chittl@vnpay.vn,Tanhle@vnpay.vn
59,Hà Nội,TTQLSP_KTPM,VP02048,Lê Thị Hà Trang,Trung tâm Quản lý sản phẩm,Phòng Kiểm thử phần mềm,Chuyên viên Kiểm thử,986135312,tranglth@vnpay.vn,Tanhle@vnpay.vn
60,Hà Nội,TTQLSP_KTPM,VP02126,Lương Thị Hồng Lý,Trung tâm Quản lý sản phẩm,Phòng Kiểm thử phần mềm,Chuyên viên Kiểm thử,977386219,lylth@vnpay.vn,Tanhle@vnpay.vn
61,Hà Nội,TTQLSP_KTPM,VP00167,Nguyễn Nam Việt,Trung tâm Quản lý sản phẩm,Phòng Kiểm thử phần mềm,Nhân viên Kiểm thử,933106666,vietnn@vnpay.vn,Tanhle@vnpay.vn
62,Hà Nội,TTQLSP_KTPM,VP00206,Đinh Văn Mạnh,Trung tâm Quản lý sản phẩm,Phòng Kiểm thử phần mềm,Nhân viên Kiểm thử,936366649,manhdv@vnpay.vn,Tanhle@vnpay.vn
63,Hà Nội,TTQLSP_KTPM,VP00229,Nguyễn Thị Lương,Trung tâm Quản lý sản phẩm,Phòng Kiểm thử phần mềm,Nhân viên Kiểm thử,833411545,luongnt1@vnpay.vn,Tanhle@vnpay.vn
64,Hà Nội,TTQLSP_KTPM,VP00239,Đinh Thị Thảo Linh,Trung tâm Quản lý sản phẩm,Phòng Kiểm thử phần mềm,Nhân viên Kiểm thử,976343778,linhdtt@vnpay.vn,Tanhle@vnpay.vn
65,Hà Nội,TTQLSP_KTPM,VP00404,Chu Văn Hoàng,Trung tâm Quản lý sản phẩm,Phòng Kiểm thử phần mềm,Nhân viên Kiểm thử,356757421,hoangcv@vnpay.vn,Tanhle@vnpay.vn
66,Hồ Chí Minh,TTQLSP_KTPM,VP01235,Chế Thị Linh Thành,Trung tâm Quản lý sản phẩm,Phòng Kiểm thử phần mềm,Nhân viên Kiểm thử,392212319,thanhctl1@vnpay.vn,Tanhle@vnpay.vn
67,Hà Nội,TTQLSP_KTPM,VP01278,Vũ Thị Tuyết Mai,Trung tâm Quản lý sản phẩm,Phòng Kiểm thử phần mềm,Nhân viên Kiểm thử,962390094,maivtt@vnpay.vn,Tanhle@vnpay.vn
68,Hà Nội,TTQLSP_KTPM,VP01376,Nguyễn Thị Minh Huệ,Trung tâm Quản lý sản phẩm,Phòng Kiểm thử phần mềm,Nhân viên Kiểm thử,918913794,huentm@vnpay.vn,Tanhle@vnpay.vn
69,Hà Nội,TTQLSP_KTPM,VP01627,Lại Thị Lan Anh,Trung tâm Quản lý sản phẩm,Phòng Kiểm thử phần mềm,Nhân viên Kiểm thử,972940495,anhltl@vnpay.vn,Tanhle@vnpay.vn
70,Hà Nội,TTQLSP_KTPM,VP01639,Nguyễn Minh Hường,Trung tâm Quản lý sản phẩm,Phòng Kiểm thử phần mềm,Nhân viên Kiểm thử,984094918,huongnm@vnpay.vn,Tanhle@vnpay.vn
71,Hà Nội,TTQLSP_KTPM,VP01650,Vũ Thị Hải Hậu,Trung tâm Quản lý sản phẩm,Phòng Kiểm thử phần mềm,Nhân viên Kiểm thử,382583876,hauvth@vnpay.vn,Tanhle@vnpay.vn
72,Hà Nội,TTQLSP_KTPM,VP01687,Phạm Thị Lan,Trung tâm Quản lý sản phẩm,Phòng Kiểm thử phần mềm,Nhân viên Kiểm thử,399939068,lanpt@vnpay.vn,Tanhle@vnpay.vn
73,Hồ Chí Minh,TTQLSP_KTPM,VP01732,Phạm Đức Mạnh,Trung tâm Quản lý sản phẩm,Phòng Kiểm thử phần mềm,Nhân viên Kiểm thử,942545778,manhpd@vnpay.vn,Tanhle@vnpay.vn
74,Hà Nội,TTQLSP_KTPM,VP01820,Đỗ Thùy Dung,Trung tâm Quản lý sản phẩm,Phòng Kiểm thử phần mềm,Nhân viên Kiểm thử,974867572,dungdt3@vnpay.vn,Tanhle@vnpay.vn
75,Hà Nội,TTQLSP_KTPM,VP01863,Nguyễn Thị Huệ,Trung tâm Quản lý sản phẩm,Phòng Kiểm thử phần mềm,Nhân viên Kiểm thử,347127409,huent@vnpay.vn,Tanhle@vnpay.vn
76,Hà Nội,TTQLSP_KTPM,VP01895,Đinh Thế Công,Trung tâm Quản lý sản phẩm,Phòng Kiểm thử phần mềm,Nhân viên Kiểm thử,356068641,congdt@vnpay.vn,Tanhle@vnpay.vn
77,Hà Nội,TTQLSP_KTPM,VP01903,Đỗ Thị Huế,Trung tâm Quản lý sản phẩm,Phòng Kiểm thử phần mềm,Nhân viên Kiểm thử,326203384,huedt1@vnpay.vn,Tanhle@vnpay.vn
78,Hà Nội,TTQLSP_KTPM,VP01960,Trịnh Thị Thanh,Trung tâm Quản lý sản phẩm,Phòng Kiểm thử phần mềm,Nhân viên Kiểm thử,987866223,thanhtt1@vnpay.vn,Tanhle@vnpay.vn
79,Hồ Chí Minh,TTQLSP_KTPM,VP01968,Nguyễn Thị Hồng Đức,Trung tâm Quản lý sản phẩm,Phòng Kiểm thử phần mềm,Nhân viên Kiểm thử,325367049,ducnth@vnpay.vn,Tanhle@vnpay.vn
80,Hà Nội,TTQLSP_KTPM,VP01984,Nguyễn Trường Sơn,Trung tâm Quản lý sản phẩm,Phòng Kiểm thử phần mềm,Nhân viên Kiểm thử,981351739,sonnt4@vnpay.vn,Tanhle@vnpay.vn
81,Hồ Chí Minh,TTQLSP_KTPM,VP01996,Phạm Hoàng Minh,Trung tâm Quản lý sản phẩm,Phòng Kiểm thử phần mềm,Nhân viên Kiểm thử,388702099,minhph@vnpay.vn,Tanhle@vnpay.vn
82,Hồ Chí Minh,TTQLSP_KTPM,VP02045,Phan Thanh Thảo,Trung tâm Quản lý sản phẩm,Phòng Kiểm thử phần mềm,Nhân viên Kiểm thử,374230791,thaopt@vnpay.vn,Tanhle@vnpay.vn
83,Hà Nội,TTQLSP_KTPM,VP02050,Bùi Thị Vân Anh,Trung tâm Quản lý sản phẩm,Phòng Kiểm thử phần mềm,Nhân viên Kiểm thử,327095288,anhbtv1@vnpay.vn,Tanhle@vnpay.vn
84,Hà Nội,TTQLSP_KTPM,VP02109,Đào Thị Huế,Trung tâm Quản lý sản phẩm,Phòng Kiểm thử phần mềm,Nhân viên Kiểm thử,394885309,huedt3@vnpay.vn,Tanhle@vnpay.vn
85,Hồ Chí Minh,TTQLSP_KTPM,VP02124,Châu Thanh Tú,Trung tâm Quản lý sản phẩm,Phòng Kiểm thử phần mềm,Nhân viên Kiểm thử,703332205,tuct@vnpay.vn,Tanhle@vnpay.vn
86,Hồ Chí Minh,TTQLSP_KTPM,VP02125,Hà Hồng Yến Nhi,Trung tâm Quản lý sản phẩm,Phòng Kiểm thử phần mềm,Nhân viên Kiểm thử,393373232,nhihhy1@vnpay.vn,Tanhle@vnpay.vn
87,Hà Nội,TTQLSP_KTPM,VP02162,Ngô Thị Hồng,Trung tâm Quản lý sản phẩm,Phòng Kiểm thử phần mềm,Nhân viên Kiểm thử,971803198,hongnt3@vnpay.vn,Tanhle@vnpay.vn
88,Hà Nội,TTQLSP_KTPM,VP02211,Trương Thị Kiều Loan,Trung tâm Quản lý sản phẩm,Phòng Kiểm thử phần mềm,Nhân viên Kiểm thử,338691382,loanttk@vnpay.vn,Tanhle@vnpay.vn
89,Hà Nội,TTQLSP_KTPM,VP02253,Nguyễn Thị Phương Thảo,Trung tâm Quản lý sản phẩm,Phòng Kiểm thử phần mềm,Nhân viên Kiểm thử,354088866,thaontp5@vnpay.vn,Tanhle@vnpay.vn
90,Hà Nội,TTQLSP_KTPM,VP02268,Dương Thị Ngọc Huyền,Trung tâm Quản lý sản phẩm,Phòng Kiểm thử phần mềm,Nhân viên Kiểm thử,347069394,huyendtn@vnpay.vn,Tanhle@vnpay.vn
91,Hà Nội,TTQLSP_KTPM,VP02292,Trịnh Thị Ngọc Quỳnh,Trung tâm Quản lý sản phẩm,Phòng Kiểm thử phần mềm,Nhân viên Kiểm thử,903218497,quynhttn1@vnpay.vn,Tanhle@vnpay.vn
92,Hà Nội,TTQLSP_KTPM,VP02309,Đỗ Thị Thanh Mai,Trung tâm Quản lý sản phẩm,Phòng Kiểm thử phần mềm,Nhân viên Kiểm thử,976838982,maidtt2@vnpay.vn,Tanhle@vnpay.vn
93,Hà Nội,TTQLSP_KTPM,VP02332,Hoàng Anh Tuấn,Trung tâm Quản lý sản phẩm,Phòng Kiểm thử phần mềm,Nhân viên Kiểm thử,963830925,tuanha8@vnpay.vn,Tanhle@vnpay.vn
94,Hà Nội,TTQLSP_KTPM,VP02382,Nguyễn Kim Ngân,Trung tâm Quản lý sản phẩm,Phòng Kiểm thử phần mềm,Nhân viên Kiểm thử,377887680,ngannk@vnpay.vn,Tanhle@vnpay.vn
95,Hà Nội,TTQLSP_KTPM,VP02435,Dương Thị Minh Thảo,Trung tâm Quản lý sản phẩm,Phòng Kiểm thử phần mềm,Nhân viên Kiểm thử,355941760,thaodtm@vnpay.vn,Tanhle@vnpay.vn
96,Hà Nội,TTQLSP_KTPM,VP02496,Vũ Quang Phi,Trung tâm Quản lý sản phẩm,Phòng Kiểm thử phần mềm,Nhân viên Kiểm thử,398262500,phivq@vnpay.vn,Tanhle@vnpay.vn
97,Hồ Chí Minh,TTQLSP_KTPM,VP02517,Mông Thị Hồng Hải,Trung tâm Quản lý sản phẩm,Phòng Kiểm thử phần mềm,Nhân viên Kiểm thử,398805928,haimth@vnpay.vn,Tanhle@vnpay.vn
98,Hà Nội,TTQLSP_KTPM,VP02537,Lê Thị Thu Huyền,Trung tâm Quản lý sản phẩm,Phòng Kiểm thử phần mềm,Nhân viên Kiểm thử,338889972,huyenltt2@vnpay.vn,Tanhle@vnpay.vn
99,Hồ Chí Minh,TTQLSP_KTPM,VP02541,Huỳnh Công Hiếu,Trung tâm Quản lý sản phẩm,Phòng Kiểm thử phần mềm,Nhân viên Kiểm thử,966672740,hieuhc@vnpay.vn,Tanhle@vnpay.vn
100,Hà Nội,TTQLSP_KTPM,VP02611,Ngô Thị Hòa,Trung tâm Quản lý sản phẩm,Phòng Kiểm thử phần mềm,Nhân viên Kiểm thử,961961205,hoant6@vnpay.vn,Tanhle@vnpay.vn
101,Hà Nội,TTQLSP_KTPM,VP02641,Mai Thị Duyên,Trung tâm Quản lý sản phẩm,Phòng Kiểm thử phần mềm,Nhân viên Kiểm thử,384834658,duyenmt@vnpay.vn,Tanhle@vnpay.vn
102,Hà Nội,TTQLSP_KTPM,VP02695,Phạm Thị Loan,Trung tâm Quản lý sản phẩm,Phòng Kiểm thử phần mềm,Nhân viên Kiểm thử,334630758,loanpt@vnpay.vn,Tanhle@vnpay.vn
103,Hà Nội,TTQLSP_KTPM,VP02705,Nguyễn Thị Nhung,Trung tâm Quản lý sản phẩm,Phòng Kiểm thử phần mềm,Nhân viên Kiểm thử,346728594,nhungnt4@vnpay.vn,Tanhle@vnpay.vn
104,Hà Nội,TTQLSP_KTPM,VP02760,Vũ Thị Yến,Trung tâm Quản lý sản phẩm,Phòng Kiểm thử phần mềm,Nhân viên Kiểm thử,962955680,yenvt@vnpay.vn,Tanhle@vnpay.vn
105,Hà Nội,TTQLSP_KTPM,VP02839,Cao Thị Thắm,Trung tâm Quản lý sản phẩm,Phòng Kiểm thử phần mềm,Nhân viên Kiểm thử,964765800,thamct@vnpay.vn,Tanhle@vnpay.vn
106,Hà Nội,TTQLSP_KTPM,VP02846,Trần Thị Hằng,Trung tâm Quản lý sản phẩm,Phòng Kiểm thử phần mềm,Nhân viên Kiểm thử,967616099,hangtt4@vnpay.vn,Tanhle@vnpay.vn
107,Hà Nội,TTQLSP_KTPM,VP02853,Trịnh Thị Sương,Trung tâm Quản lý sản phẩm,Phòng Kiểm thử phần mềm,Nhân viên Kiểm thử,384562411,suongtt@vnpay.vn,Tanhle@vnpay.vn
108,Hà Nội,TTQLSP_KTPM,VP02860,Hoàng Thị Phương Anh,Trung tâm Quản lý sản phẩm,Phòng Kiểm thử phần mềm,Nhân viên Kiểm thử,978571925,anhhtp@vnpay.vn,Tanhle@vnpay.vn
109,Hà Nội,TTQLSP_KTPM,VP02866,Phạm Hoàng Minh,Trung tâm Quản lý sản phẩm,Phòng Kiểm thử phần mềm,Nhân viên kiểm thử,836130296,minhph2@vnpay.vn,Tanhle@vnpay.vn
110,Hà Nội,TTQLSP_KTPM,VP03124,Bùi Thanh Tùng,Trung tâm Quản lý sản phẩm,Phòng Kiểm thử phần mềm,Nhân viên kiểm thử,382976363,tungbt1@vnpay.vn,Tanhle@vnpay.vn
111,Hà Nội,TTQLSP_KTPM,VP03241,Quách Nam Phương,Trung tâm Quản lý sản phẩm,Phòng Kiểm thử phần mềm,Nhân viên kiểm thử,383568860,phuongqn@vnpay.vn,Tanhle@vnpay.vn
112,Hà Nội,TTQLSP_KTPM,VP03278,Vũ Thị Quỳnh,Trung tâm Quản lý sản phẩm,Phòng Kiểm thử phần mềm,Nhân viên kiểm thử,966612843,quynhvt@vnpay.vn,Tanhle@vnpay.vn
113,Hà Nội,TTQLSP_KTPM,VP03279,Bùi Thị Lan Chi,Trung tâm Quản lý sản phẩm,Phòng Kiểm thử phần mềm,Nhân viên kiểm thử,912296510,chibtl@vnpay.vn,Tanhle@vnpay.vn
114,Hà Nội,TTQLSP_KTPM,VP03307,Nguyễn Thị Thanh,Trung tâm Quản lý sản phẩm,Phòng Kiểm thử phần mềm,Nhân viên Kiểm thử,865508903,thanhnt13@vnpay.vn,Tanhle@vnpay.vn
115,Hà Nội,TTQLSP_KTPM,VP03349,Phạm Thị Thảo Ly,Trung tâm Quản lý sản phẩm,Phòng Kiểm thử phần mềm,Nhân viên kiểm thử,359065356,lyptt@vnpay.vn,Tanhle@vnpay.vn
116,Hà Nội,TTQLSP_KTPM,VP03417,Ngô Thị Liên,Trung tâm Quản lý sản phẩm,Phòng Kiểm thử phần mềm,Nhân viên kiểm thử,378721558,liennt@vnpay.vn,Tanhle@vnpay.vn
117,Hà Nội,TTQLSP_KTPM,VP03435,Nguyễn Thị Hằng,Trung tâm Quản lý sản phẩm,Phòng Kiểm thử phần mềm,Nhân viên kiểm thử,363643593,hangnt15@vnpay.vn,Tanhle@vnpay.vn
118,Hà Nội,TTQLSP_KTPM,VP03439,Nguyễn Thị Kim Anh,Trung tâm Quản lý sản phẩm,Phòng Kiểm thử phần mềm,Nhân viên kiểm thử,365441608,anhntk1@vnpay.vn,Tanhle@vnpay.vn
119,Hà Nội,TTQLSP_KTPM,VP03497,Nguyễn Thị Tĩnh,Trung tâm Quản lý sản phẩm,Phòng Kiểm thử phần mềm,Nhân viên kiểm thử,344626065,tinhnt@vnpay.vn,Tanhle@vnpay.vn
120,Hồ Chí Minh,TTQLSP_KTPM,VP03518,Nguyễn Thị Quỳnh Như,Trung tâm Quản lý sản phẩm,Phòng Kiểm thử phần mềm,Nhân viên Kiểm thử,336109460,nhuntq1@vnpay.vn,Tanhle@vnpay.vn
121,Hà Nội,TTQLSP_KTPM,VP03524,Trần Thị Hoan,Trung tâm Quản lý sản phẩm,Phòng Kiểm thử phần mềm,Nhân viên kiểm thử,965794945,hoantt4@vnpay.vn,Tanhle@vnpay.vn
122,Hà Nội,TTQLSP_KTPM,VP03525,Phạm Thị Hồng Nhung,Trung tâm Quản lý sản phẩm,Phòng Kiểm thử phần mềm,Nhân viên kiểm thử,866911402,nhungpth6@vnpay.vn,Tanhle@vnpay.vn
123,Hà Nội,TTQLSP_KTPM,VP03582,Nguyễn Thị Thanh Hoan,Trung tâm Quản lý sản phẩm,Phòng Kiểm thử phần mềm,Nhân viên kiểm thử,899624267,hoanntt@vnpay.vn,Tanhle@vnpay.vn
124,Hà Nội,TTQLSP_KTPM,VP03602,Phan Thị Hằng,Trung tâm Quản lý sản phẩm,Phòng Kiểm thử phần mềm,Nhân viên kiểm thử,375229258,hangpt2@vnpay.vn,Tanhle@vnpay.vn
125,Hồ Chí Minh,TTQLSP_KTPM,VP03606,Nguyễn Phước Bình,Trung tâm Quản lý sản phẩm,Phòng Kiểm thử phần mềm,Nhân viên Kiểm thử,328823017,binhnp@vnpay.vn,Tanhle@vnpay.vn
126,Hà Nội,TTQLSP_KTPM,VP03657,Trần Ngọc Đạt,Trung tâm Quản lý sản phẩm,Phòng Kiểm thử phần mềm,Nhân viên Kiểm thử,934564669,dattn@vnpay.vn,Tanhle@vnpay.vn
127,Hà Nội,TTQLSP_KTPM,VP03677,Nguyễn Thị Tâm,Trung tâm Quản lý sản phẩm,Phòng Kiểm thử phần mềm,Nhân viên Kiểm thử,962142827,tamnt6@vnpay.vn,Tanhle@vnpay.vn
128,Hà Nội,TTQLSP_KTPM,VP03781,Nguyễn Tuấn Minh,Trung tâm Quản lý sản phẩm,Phòng Kiểm thử phần mềm,Nhân viên Kiểm thử,981503640,minhnt2@vnpay.vn,Tanhle@vnpay.vn
129,Hà Nội,TTQLSP_KTPM,VP03783,Nguyễn Diệu Linh,Trung tâm Quản lý sản phẩm,Phòng Kiểm thử phần mềm,Nhân viên Kiểm thử,967230706,linhnd2@vnpay.vn,Tanhle@vnpay.vn
130,Hà Nội,TTQLSP_KTPM,VP03786,Bùi Thúy Hằng,Trung tâm Quản lý sản phẩm,Phòng Kiểm thử phần mềm,Nhân viên Kiểm thử,362670380,hangbt1@vnpay.vn,Tanhle@vnpay.vn
131,Hà Nội,TTQLSP_KTPM,VP03807,Mai Thị Huế,Trung tâm Quản lý sản phẩm,Phòng Kiểm thử phần mềm,Nhân viên Kiểm thử,369269079,huemt@vnpay.vn,Tanhle@vnpay.vn
132,Hà Nội,TTQLSP_KTPM,VP03820,Nguyễn Thị Huệ,Trung tâm Quản lý sản phẩm,Phòng Kiểm thử phần mềm,Nhân viên Kiểm thử,981633181,huent5@vnpay.vn,Tanhle@vnpay.vn
133,Hà Nội,TTQLSP_KTPM,VP03844,Nguyễn Thị Tuyết,Trung tâm Quản lý sản phẩm,Phòng Kiểm thử phần mềm,Nhân viên Kiểm thử,395897920,tuyetnt1@vnpay.vn,Tanhle@vnpay.vn
134,Hà Nội,TTQLSP_KTPM,VP03867,Trần Thị Hoa,Trung tâm Quản lý sản phẩm,Phòng Kiểm thử phần mềm,Nhân viên Kiểm thử,339698239,hoatt2@vnpay.vn,Tanhle@vnpay.vn
135,Hà Nội,TTQLSP_KTPM,VP03868,Nguyễn Hương Lý,Trung tâm Quản lý sản phẩm,Phòng Kiểm thử phần mềm,Nhân viên Kiểm thử,964479330,lynh@vnpay.vn,Tanhle@vnpay.vn
136,Hà Nội,TTQLSP_KTPM,VP03932,Hoàng Thị Phương Anh,Trung tâm Quản lý sản phẩm,Phòng Kiểm thử phần mềm,Nhân viên Kiểm thử,328856616,anhhtp1@vnpay.vn,Tanhle@vnpay.vn
137,Hà Nội,TTQLSP_KTPM,VP04052,Đỗ Thị Hồng Nhung,Trung tâm Quản lý sản phẩm,Phòng Kiểm thử phần mềm,Nhân viên Kiểm thử,363102245,nhungdth1@vnpay.vn,Tanhle@vnpay.vn
138,Hà Nội,TTQLSP_QLSP1,VP00060,Lê Văn Long,Trung tâm Quản lý sản phẩm,Phòng Quản lý sản phẩm 1,Phó giám đốc Trung tâm kiêm Trưởng phòng Quản lý sản phẩm 1,963768369,longlv@vnpay.vn,Tanhle@vnpay.vn
139,Hồ Chí Minh,TTQLSP_QLSP1,VP00185,Phạm Thị Lâm,Trung tâm Quản lý sản phẩm,Phòng Quản lý sản phẩm 1,Phó phòng Quản lý sản phẩm,961094332,lampt@vnpay.vn,Tanhle@vnpay.vn
140,Hà Nội,TTQLSP_QLSP1,VP01318,Đỗ Phúc Thọ,Trung tâm Quản lý sản phẩm,Phòng Quản lý sản phẩm 1,Phó phòng Quản lý sản phẩm,949100196,thodp@vnpay.vn,Tanhle@vnpay.vn
141,Hà Nội,TTQLSP_QLSP1,VP00091,Quách Thị Lệ,Trung tâm Quản lý sản phẩm,Phòng Quản lý sản phẩm 1,Trưởng nhóm Quản lý sản phẩm,914933322,leqt@vnpay.vn,Tanhle@vnpay.vn
142,Hà Nội,TTQLSP_QLSP1,VP00230,Chu Thị Thu Hòa,Trung tâm Quản lý sản phẩm,Phòng Quản lý sản phẩm 1,Trưởng nhóm Quản lý sản phẩm,778422299,hoactt@vnpay.vn,Tanhle@vnpay.vn
143,Hà Nội,TTQLSP_QLSP1,VP00286,Hà Minh Hiệp,Trung tâm Quản lý sản phẩm,Phòng Quản lý sản phẩm 1,Trưởng nhóm Quản lý sản phẩm,966299292,hiephm@vnpay.vn,Tanhle@vnpay.vn
144,Hà Nội,TTQLSP_QLSP1,VP00594,Cao Thị Vân Anh,Trung tâm Quản lý sản phẩm,Phòng Quản lý sản phẩm 1,Trưởng nhóm Quản lý sản phẩm,968441080,anhctv@vnpay.vn,Tanhle@vnpay.vn
145,Hà Nội,TTQLSP_QLSP1,VP01006,Hán Thị Tâm,Trung tâm Quản lý sản phẩm,Phòng Quản lý sản phẩm 1,Trưởng nhóm Quản lý sản phẩm,365427615,tamht@vnpay.vn,Tanhle@vnpay.vn
146,Hà Nội,TTQLSP_QLSP1,VP01036,Nguyễn Thị Tâm,Trung tâm Quản lý sản phẩm,Phòng Quản lý sản phẩm 1,Trưởng nhóm Quản lý sản phẩm,357008087,tamnt3@vnpay.vn,Tanhle@vnpay.vn
147,Hồ Chí Minh,TTQLSP_QLSP1,VP01483,Dắn Huyền Huy,Trung tâm Quản lý sản phẩm,Phòng Quản lý sản phẩm 1,Trưởng nhóm Quản lý sản phẩm,967733899,huydh@vnpay.vn,Tanhle@vnpay.vn
148,Hồ Chí Minh,TTQLSP_QLSP1,VP01507,Nguyễn Trọng Phúc,Trung tâm Quản lý sản phẩm,Phòng Quản lý sản phẩm 1,Trưởng nhóm Quản lý sản phẩm,901838234,phucnt@vnpay.vn,Tanhle@vnpay.vn
149,Hà Nội,TTQLSP_QLSP1,VP01804,Nguyễn Thị Hương,Trung tâm Quản lý sản phẩm,Phòng Quản lý sản phẩm 1,Trưởng nhóm Quản lý sản phẩm,383617345,huongnt6@vnpay.vn,Tanhle@vnpay.vn
150,Hà Nội,TTQLSP_QLSP1,VP01819,Nguyễn Duy Trung,Trung tâm Quản lý sản phẩm,Phòng Quản lý sản phẩm 1,Trưởng nhóm Quản lý sản phẩm,973600931,trungnd2@vnpay.vn,Tanhle@vnpay.vn
151,Hồ Chí Minh,TTQLSP_QLSP1,VP01680,Lê Lan Phương,Trung tâm Quản lý sản phẩm,Phòng Quản lý sản phẩm 1,Trưởng nhóm Quản lý sản phẩm,865452793,phuongll@vnpay.vn,Tanhle@vnpay.vn
152,Hà Nội,TTQLSP_QLSP1,VP02702,Dương Thị Minh Thu,Trung tâm Quản lý sản phẩm,Phòng Quản lý sản phẩm 1,Nhân viên Quản lý sản phẩm,383522468,thudtm@vnpay.vn,Tanhle@vnpay.vn
153,Hà Nội,TTQLSP_QLSP1,VP03464,Phạm Thị Hoàng Giang,Trung tâm Quản lý sản phẩm,Phòng Quản lý sản phẩm 1,Nhân viên Quản lý sản phẩm,358913002,giangpth@vnpay.vn,Tanhle@vnpay.vn
154,Hà Nội,TTQLSP_QLSP1,VP03611,Hoàng Thị Liên,Trung tâm Quản lý sản phẩm,Phòng Quản lý sản phẩm 1,Nhân viên Quản lý sản phẩm,981672213,lienht@vnpay.vn,Tanhle@vnpay.vn
155,Hà Nội,TTQLSP_QLSP1,VP03674,Bùi Thị Kim Anh,Trung tâm Quản lý sản phẩm,Phòng Quản lý sản phẩm 1,Nhân viên Quản lý sản phẩm,988061072,anhbtk@vnpay.vn,Tanhle@vnpay.vn
156,Hà Nội,TTQLSP_QLSP1,VP03355,Phạm Đức Trung,Trung tâm Quản lý sản phẩm,Phòng Quản lý sản phẩm 1,Nhân viên Quản lý sản phẩm,359948561,trungpd@vnpay.vn,Tanhle@vnpay.vn
157,Hà Nội,TTQLSP_QLSP1,VP00423,Phạm Hồng Tuân,Trung tâm Quản lý sản phẩm,Phòng Quản lý sản phẩm 1,Nhân viên Quản lý sản phẩm,914406859,tuanph@vnpay.vn,Tanhle@vnpay.vn
158,Hà Nội,TTQLSP_QLSP1,VP03414,Phạm Văn Trường,Trung tâm Quản lý sản phẩm,Phòng Quản lý sản phẩm 1,Nhân viên Quản lý sản phẩm,368646182,truongpv@vnpay.vn,Tanhle@vnpay.vn
159,Hà Nội,TTQLSP_QLSP1,VP03706,Đào Quang Khải,Trung tâm Quản lý sản phẩm,Phòng Quản lý sản phẩm 1,Nhân viên Quản lý sản phẩm,377646990,khaidq1@vnpay.vn,Tanhle@vnpay.vn
160,Hà Nội,TTQLSP_QLSP1,VP00287,Luyện Nhật Minh,Trung tâm Quản lý sản phẩm,Phòng Quản lý sản phẩm 1,Nhân viên Quản lý sản phẩm,383393439,minhln@vnpay.vn,Tanhle@vnpay.vn
161,Hà Nội,TTQLSP_QLSP1,VP03353,Hà Thị Thanh Thủy,Trung tâm Quản lý sản phẩm,Phòng Quản lý sản phẩm 1,Nhân viên Quản lý sản phẩm,971896673,thuyhtt1@vnpay.vn,Tanhle@vnpay.vn
162,Hà Nội,TTQLSP_QLSP1,VP03534,Đặng Văn Hùng,Trung tâm Quản lý sản phẩm,Phòng Quản lý sản phẩm 1,Nhân viên Quản lý sản phẩm,344224268,hungdv1@vnpay.vn,Tanhle@vnpay.vn
163,Hà Nội,TTQLSP_QLSP1,VP00029,Lương Thế Việt,Trung tâm Quản lý sản phẩm,Phòng Quản lý sản phẩm 1,Nhân viên Quản lý sản phẩm,977490639,vietlt@vnpay.vn,Tanhle@vnpay.vn
164,Hà Nội,TTQLSP_QLSP1,VP01122,Nguyễn Huy Hoàng,Trung tâm Quản lý sản phẩm,Phòng Quản lý sản phẩm 1,Nhân viên Quản lý sản phẩm,945613687,hoangnh1@vnpay.vn,Tanhle@vnpay.vn
165,Hà Nội,TTQLSP_QLSP1,VP01166,Phan Thị Hiệp,Trung tâm Quản lý sản phẩm,Phòng Quản lý sản phẩm 1,Nhân viên Quản lý sản phẩm,973441417,hieppt@vnpay.vn,Tanhle@vnpay.vn
166,Hà Nội,TTQLSP_QLSP1,VP01225,Đỗ Thị Khánh Trang,Trung tâm Quản lý sản phẩm,Phòng Quản lý sản phẩm 1,Nhân viên Quản lý sản phẩm,868903638,trangdtk@vnpay.vn,Tanhle@vnpay.vn
167,Hồ Chí Minh,TTQLSP_QLSP1,VP01251,Hồ Minh Khánh,Trung tâm Quản lý sản phẩm,Phòng Quản lý sản phẩm 1,Nhân viên Quản lý sản phẩm,984648403,khanhhm@vnpay.vn,Tanhle@vnpay.vn
168,Hà Nội,TTQLSP_QLSP1,VP01428,Lương Thị Kim Thoa,Trung tâm Quản lý sản phẩm,Phòng Quản lý sản phẩm 1,Nhân viên Quản lý sản phẩm,353555928,thoaltk@vnpay.vn,Tanhle@vnpay.vn
169,Hồ Chí Minh,TTQLSP_QLSP1,VP01432,Bùi Thị Thanh Huyền,Trung tâm Quản lý sản phẩm,Phòng Quản lý sản phẩm 1,Nhân viên Quản lý sản phẩm,914426201,huyenbtt1@vnpay.vn,Tanhle@vnpay.vn
170,Hà Nội,TTQLSP_QLSP1,VP01459,Lê Thị Hồng,Trung tâm Quản lý sản phẩm,Phòng Quản lý sản phẩm 1,Nhân viên Quản lý sản phẩm,989702154,honglt@vnpay.vn,Tanhle@vnpay.vn
171,Hà Nội,TTQLSP_QLSP1,VP01530,Phạm Thị Hương,Trung tâm Quản lý sản phẩm,Phòng Quản lý sản phẩm 1,Nhân viên Quản lý sản phẩm,963031495,huongpt3@vnpay.vn,Tanhle@vnpay.vn
172,Hồ Chí Minh,TTQLSP_QLSP1,VP01697,Nguyễn Thị Hoài Thương,Trung tâm Quản lý sản phẩm,Phòng Quản lý sản phẩm 1,Nhân viên Quản lý sản phẩm,777669667,thuongnth1@vnpay.vn,Tanhle@vnpay.vn
173,Hồ Chí Minh,TTQLSP_QLSP1,VP01746,Đỗ Thị Lệ Dung,Trung tâm Quản lý sản phẩm,Phòng Quản lý sản phẩm 1,Nhân viên Quản lý sản phẩm,902359746,dungdtl@vnpay.vn,Tanhle@vnpay.vn
174,Hà Nội,TTQLSP_QLSP1,VP01945,Nguyễn Huyền Trang,Trung tâm Quản lý sản phẩm,Phòng Quản lý sản phẩm 1,Nhân viên Quản lý sản phẩm,385521389,trangnh2@vnpay.vn,Tanhle@vnpay.vn
175,Hồ Chí Minh,TTQLSP_QLSP1,VP01951,Doãn Lê Thanh Bảo,Trung tâm Quản lý sản phẩm,Phòng Quản lý sản phẩm 1,Nhân viên Quản lý sản phẩm,917970555,baodlt@vnpay.vn,Tanhle@vnpay.vn
176,Hà Nội,TTQLSP_QLSP1,VP02026,Phạm Hồng Thái,Trung tâm Quản lý sản phẩm,Phòng Quản lý sản phẩm 1,Nhân viên Quản lý sản phẩm,989350094,thaiph@vnpay.vn,Tanhle@vnpay.vn
177,Hồ Chí Minh,TTQLSP_QLSP1,VP02110,Nguyễn Thu An,Trung tâm Quản lý sản phẩm,Phòng Quản lý sản phẩm 1,Nhân viên Quản lý sản phẩm,338294534,annt4@vnpay.vn,Tanhle@vnpay.vn
178,Hà Nội,TTQLSP_QLSP1,VP02129,Đỗ Hồng Nhung,Trung tâm Quản lý sản phẩm,Phòng Quản lý sản phẩm 1,Nhân viên Quản lý sản phẩm,849045333,nhungdh@vnpay.vn,Tanhle@vnpay.vn
179,Hà Nội,TTQLSP_QLSP1,VP02164,Nguyễn Thị Hường,Trung tâm Quản lý sản phẩm,Phòng Quản lý sản phẩm 1,Nhân viên Quản lý sản phẩm,964747642,huongnt9@vnpay.vn,Tanhle@vnpay.vn
180,Hà Nội,TTQLSP_QLSP1,VP02229,Phạm Phương Linh,Trung tâm Quản lý sản phẩm,Phòng Quản lý sản phẩm 1,Nhân viên Quản lý sản phẩm,364316182,linhpp1@vnpay.vn,Tanhle@vnpay.vn
181,Hà Nội,TTQLSP_QLSP1,VP02314,Vũ Ngọc Tuấn,Trung tâm Quản lý sản phẩm,Phòng Quản lý sản phẩm 1,Nhân viên Quản lý sản phẩm,943547424,tuanvn1@vnpay.vn,Tanhle@vnpay.vn
182,Hồ Chí Minh,TTQLSP_QLSP1,VP02321,Nguyễn Phúc Vinh,Trung tâm Quản lý sản phẩm,Phòng Quản lý sản phẩm 1,Nhân viên Quản lý sản phẩm,332997004,vinhnp@vnpay.vn,Tanhle@vnpay.vn
183,Hà Nội,TTQLSP_QLSP1,VP02322,Ngô Thị Thúy Huyền,Trung tâm Quản lý sản phẩm,Phòng Quản lý sản phẩm 1,Nhân viên Quản lý sản phẩm,987401170,huyenntt4@vnpay.vn,Tanhle@vnpay.vn
184,Hà Nội,TTQLSP_QLSP1,VP02420,Tô Hoàng Linh,Trung tâm Quản lý sản phẩm,Phòng Quản lý sản phẩm 1,Nhân viên Quản lý sản phẩm,327587857,linhth1@vnpay.vn,Tanhle@vnpay.vn
185,Hà Nội,TTQLSP_QLSP1,VP02544,Đỗ Thị Ngọc Hân,Trung tâm Quản lý sản phẩm,Phòng Quản lý sản phẩm 1,Nhân viên Quản lý sản phẩm,961263659,handtn1@vnpay.vn,Tanhle@vnpay.vn
186,Hà Nội,TTQLSP_QLSP1,VP02546,Nguyễn Bảo Khánh Huyền,Trung tâm Quản lý sản phẩm,Phòng Quản lý sản phẩm 1,Nhân viên Quản lý sản phẩm,377869818,huyennbk@vnpay.vn,Tanhle@vnpay.vn
187,Hà Nội,TTQLSP_QLSP1,VP02549,Trần Thị Mỹ Liên,Trung tâm Quản lý sản phẩm,Phòng Quản lý sản phẩm 1,Nhân viên Quản lý sản phẩm,368668541,lienttm@vnpay.vn,Tanhle@vnpay.vn
188,Hà Nội,TTQLSP_QLSP1,VP02588,Nguyễn Thị Ngọc Mai,Trung tâm Quản lý sản phẩm,Phòng Quản lý sản phẩm 1,Nhân viên Quản lý sản phẩm,962066901,maintn@vnpay.vn,Tanhle@vnpay.vn
189,Hà Nội,TTQLSP_QLSP1,VP02589,Nguyễn Thị Hằng,Trung tâm Quản lý sản phẩm,Phòng Quản lý sản phẩm 1,Nhân viên Quản lý sản phẩm,971811498,hangnt12@vnpay.vn,Tanhle@vnpay.vn
190,Hà Nội,TTQLSP_QLSP1,VP02647,Phạm Thị Hồng Nhung,Trung tâm Quản lý sản phẩm,Phòng Quản lý sản phẩm 1,Nhân viên Quản lý sản phẩm,969338309,nhungpth4@vnpay.vn,Tanhle@vnpay.vn
191,Hồ Chí Minh,TTQLSP_QLSP1,VP02649,Nguyễn Lê Như Ngọc,Trung tâm Quản lý sản phẩm,Phòng Quản lý sản phẩm 1,Nhân viên Quản lý sản phẩm,779337599,ngocnln@vnpay.vn,Tanhle@vnpay.vn
192,Hà Nội,TTQLSP_QLSP1,VP02674,Nguyễn Thị Thu Hiền,Trung tâm Quản lý sản phẩm,Phòng Quản lý sản phẩm 1,Nhân viên Quản lý sản phẩm,964463958,hienntt5@vnpay.vn,Tanhle@vnpay.vn
193,Hà Nội,TTQLSP_QLSP1,VP02681,Doãn Minh Thu,Trung tâm Quản lý sản phẩm,Phòng Quản lý sản phẩm 1,Nhân viên Quản lý sản phẩm,388284166,thudm2@vnpay.vn,Tanhle@vnpay.vn
194,Hà Nội,TTQLSP_QLSP1,VP02831,Phạm Thanh Nhã,Trung tâm Quản lý sản phẩm,Phòng Quản lý sản phẩm 1,Nhân viên Quản lý sản phẩm,342718705,nhapt@vnpay.vn,Tanhle@vnpay.vn
195,Hà Nội,TTQLSP_QLSP1,VP02832,Hoàng Diệu Linh,Trung tâm Quản lý sản phẩm,Phòng Quản lý sản phẩm 1,Nhân viên Quản lý sản phẩm,397817058,linhhd1@vnpay.vn,Tanhle@vnpay.vn
196,Hồ Chí Minh,TTQLSP_QLSP1,VP02861,Huỳnh Nhật Huy,Trung tâm Quản lý sản phẩm,Phòng Quản lý sản phẩm 1,Nhân viên Quản lý sản phẩm,326665339,huyhn1@vnpay.vn,Tanhle@vnpay.vn
197,Hà Nội,TTQLSP_QLSP1,VP03187,Nguyễn Thị Nhâm,Trung tâm Quản lý sản phẩm,Phòng Quản lý sản phẩm 1,Nhân viên Quản lý sản phẩm,963712824,nhamnt@vnpay.vn,Tanhle@vnpay.vn
198,Hồ Chí Minh,TTQLSP_QLSP1,VP03252,Phạm Gia Bảo,Trung tâm Quản lý sản phẩm,Phòng Quản lý sản phẩm 1,Nhân viên Quản lý sản phẩm,975779952,baopg1@vnpay.vn,Tanhle@vnpay.vn
199,Hà Nội,TTQLSP_QLSP1,VP03341,Đỗ Duy Quang,Trung tâm Quản lý sản phẩm,Phòng Quản lý sản phẩm 1,Nhân viên Quản lý sản phẩm,906241998,quangdd@vnpay.vn,Tanhle@vnpay.vn
200,Hà Nội,TTQLSP_QLSP1,VP03343,Lê Thị Lan Phương,Trung tâm Quản lý sản phẩm,Phòng Quản lý sản phẩm 1,Nhân viên Quản lý sản phẩm,961498790,phuongltl@vnpay.vn,Tanhle@vnpay.vn
201,Hà Nội,TTQLSP_QLSP1,VP03386,Cao Yến Thảo,Trung tâm Quản lý sản phẩm,Phòng Quản lý sản phẩm 1,Nhân viên Quản lý sản phẩm,964894997,thaocy@vnpay.vn,Tanhle@vnpay.vn
202,Hà Nội,TTQLSP_QLSP1,VP03392,Nguyễn Thị Huyền Trang,Trung tâm Quản lý sản phẩm,Phòng Quản lý sản phẩm 1,Nhân viên Quản lý sản phẩm,972277262,trangnth6@vnpay.vn,Tanhle@vnpay.vn
203,Hà Nội,TTQLSP_QLSP1,VP03407,Nguyễn Thị Thanh Trà,Trung tâm Quản lý sản phẩm,Phòng Quản lý sản phẩm 1,Nhân viên Quản lý sản phẩm,968261407,trantt@vnpay.vn,Tanhle@vnpay.vn
204,Hà Nội,TTQLSP_QLSP1,VP03436,Trần Thị Kim Anh,Trung tâm Quản lý sản phẩm,Phòng Quản lý sản phẩm 1,Nhân viên Quản lý sản phẩm,852950245,anhttk1@vnpay.vn,Tanhle@vnpay.vn
205,Hà Nội,TTQLSP_QLSP1,VP03463,Trương Thị Dụ,Trung tâm Quản lý sản phẩm,Phòng Quản lý sản phẩm 1,Nhân viên Quản lý sản phẩm,985673110,dutt@vnpay.vn,Tanhle@vnpay.vn
206,Hà Nội,TTQLSP_QLSP1,VP03498,Nguyễn Thị Hồng Nhung,Trung tâm Quản lý sản phẩm,Phòng Quản lý sản phẩm 1,Nhân viên Quản lý sản phẩm,368533511,nhungnth8@vnpay.vn,Tanhle@vnpay.vn
207,Hà Nội,TTQLSP_QLSP1,VP03499,Hoàng Minh Tuấn,Trung tâm Quản lý sản phẩm,Phòng Quản lý sản phẩm 1,Nhân viên Quản lý sản phẩm,972123016,tuanhm5@vnpay.vn,Tanhle@vnpay.vn
208,Hà Nội,TTQLSP_QLSP1,VP03825,Nguyễn Thị Huyền Trang,Trung tâm Quản lý sản phẩm,Phòng Quản lý sản phẩm 1,Nhân viên Quản lý sản phẩm,961510489,trangnth8@vnpay.vn,Tanhle@vnpay.vn
209,Hà Nội,TTQLSP_QLSP1,VP03884,Ngô Linh Chi,Trung tâm Quản lý sản phẩm,Phòng Quản lý sản phẩm 1,Nhân viên Quản lý sản phẩm,822347983,chinl1@vnpay.vn,Tanhle@vnpay.vn
210,Hà Nội,TTQLSP_QLSP1,VP03893,Phạm Thị Khánh,Trung tâm Quản lý sản phẩm,Phòng Quản lý sản phẩm 1,Nhân viên Quản lý sản phẩm,888844088,khanhpt@vnpay.vn,Tanhle@vnpay.vn
211,Hà Nội,TTQLSP_QLSP1,VP03894,Nguyễn Thị Hương Giang,Trung tâm Quản lý sản phẩm,Phòng Quản lý sản phẩm 1,Nhân viên Quản lý sản phẩm,858411188,giangnth5@vnpay.vn,Tanhle@vnpay.vn
212,Hà Nội,TTQLSP_QLSP1,VP02014,Lê Viết Thành,Trung tâm Quản lý sản phẩm,Phòng Quản lý sản phẩm 1,Nhân viên Quản lý sản phẩm,888128838,thanhlv@vnpay.vn,Tanhle@vnpay.vn
213,Hà Nội,TTQLSP_QLSP1,VP03920,Lê Huyền Trang,Trung tâm Quản lý sản phẩm,Phòng Quản lý sản phẩm 1,Nhân viên Quản lý sản phẩm,986195090,tranglh2@vnpay.vn,Tanhle@vnpay.vn
214,Hà Nội,TTQLSP_QLSP1,VP03953,Đỗ Minh Ngọc,Trung tâm Quản lý sản phẩm,Phòng Quản lý sản phẩm 1,Nhân viên Quản lý sản phẩm,832002712,ngocdm@vnpay.vn,Tanhle@vnpay.vn
215,Hà Nội,TTQLSP_QLSP1,VP03972,Phạm Văn Quý,Trung tâm Quản lý sản phẩm,Phòng Quản lý sản phẩm 1,Nhân viên Quản lý sản phẩm,567284986,quypv1@vnpay.vn,Tanhle@vnpay.vn
216,Hà Nội,TTQLSP_QLSP1,VP03973,Ngô Thị Khánh Trang,Trung tâm Quản lý sản phẩm,Phòng Quản lý sản phẩm 1,Nhân viên Quản lý sản phẩm,916542621,trangntk1@vnpay.vn,Tanhle@vnpay.vn
217,Hà Nội,TTQLSP_QLSP1,VP04026,Trịnh Huy Hoàng,Trung tâm Quản lý sản phẩm,Phòng Quản lý sản phẩm 1,Nhân viên Quản lý sản phẩm,868444270,hoangth1@vnpay.vn,Tanhle@vnpay.vn
218,Hà Nội,TTQLSP_QLSP1,VP04036,Nguyễn Thị Vy Anh,Trung tâm Quản lý sản phẩm,Phòng Quản lý sản phẩm 1,Nhân viên Quản lý sản phẩm,852685856,anhntv4@vnpay.vn,Tanhle@vnpay.vn
219,Hà Nội,TTQLSP_QLSP1,VP04051,Trần Lương Đức,Trung tâm Quản lý sản phẩm,Phòng Quản lý sản phẩm 1,Nhân viên Quản lý sản phẩm,889919599,ductl@vnpay.vn,Tanhle@vnpay.vn
220,Hà Nội,TTQLSP_QLSP1,VP04126,Nguyễn Thị Nhàn,Trung tâm Quản lý sản phẩm,Phòng Quản lý sản phẩm 1,Nhân viên Quản lý sản phẩm,978766182,nhannt5@vnpay.vn,Tanhle@vnpay.vn
221,Hà Nội,TTQLSP_QLSP1,VP04136,Trịnh Thị Hải Yến,Trung tâm Quản lý sản phẩm,Phòng Quản lý sản phẩm 1,Nhân viên Quản lý sản phẩm,362402708,yentth@vnpay.vn,Tanhle@vnpay.vn
222,Hà Nội,TTQLSP_QLSP2,VP00161,Đặng Thị Hồng Ngân,Trung tâm Quản lý sản phẩm,Phòng Quản lý sản phẩm 2,Trưởng Phòng Quản lý sản phẩm,988092041,ngandth@vnpay.vn,Tanhle@vnpay.vn
223,Hà Nội,TTQLSP_QLSP2,VP00801,Tạ Tuấn Dũng,Trung tâm Quản lý sản phẩm,Phòng Quản lý sản phẩm 2,Phó phòng Quản lý sản phẩm,947771870,dungtt@vnpay.vn,Tanhle@vnpay.vn
224,Hà Nội,TTQLSP_QLSP2,VP00163,Trần Thị Lý,Trung tâm Quản lý sản phẩm,Phòng Quản lý sản phẩm 2,Phó phòng Quản lý sản phẩm,976185850,lytt@vnpay.vn,Tanhle@vnpay.vn
225,Hà Nội,TTQLSP_QLSP2,VP01666,Võ Trí Trung,Trung tâm Quản lý sản phẩm,Phòng Quản lý sản phẩm 2,Trưởng nhóm Quản lý sản phẩm,838146189,trungvt3@vnpay.vn,Tanhle@vnpay.vn
226,Hà Nội,TTQLSP_QLSP2,VP00165,Dương Thị Mai Phương,Trung tâm Quản lý sản phẩm,Phòng Quản lý sản phẩm 2,Trưởng nhóm Quản lý sản phẩm,349609903,phuongdtm@vnpay.vn,Tanhle@vnpay.vn
227,Hà Nội,TTQLSP_QLSP2,VP00458,Nguyễn Văn Lập,Trung tâm Quản lý sản phẩm,Phòng Quản lý sản phẩm 2,Trưởng nhóm Quản lý sản phẩm,989894842,lapnv@vnpay.vn,Tanhle@vnpay.vn
228,Hà Nội,TTQLSP_QLSP2,VP01477,Nguyễn Thu Hằng,Trung tâm Quản lý sản phẩm,Phòng Quản lý sản phẩm 2,Trưởng nhóm Quản lý sản phẩm,982281091,hangnt8@vnpay.vn,Tanhle@vnpay.vn
229,Hà Nội,TTQLSP_QLSP2,VP01239,Trần Thị Thủy,Trung tâm Quản lý sản phẩm,Phòng Quản lý sản phẩm 2,Trưởng nhóm Quản lý sản phẩm,365285075,thuytt@vnpay.vn,Tanhle@vnpay.vn
230,Hà Nội,TTQLSP_QLSP2,VP01388,Nguyễn Thị Hương Trà,Trung tâm Quản lý sản phẩm,Phòng Quản lý sản phẩm 2,Trưởng nhóm Quản lý sản phẩm,384331855,tranth@vnpay.vn,Tanhle@vnpay.vn
231,Hà Nội,TTQLSP_QLSP2,VP00759,Trương Thị Cẩm Tú,Trung tâm Quản lý sản phẩm,Phòng Quản lý sản phẩm 2,Trưởng nhóm Quản lý sản phẩm,357161034,tuttc@vnpay.vn,Tanhle@vnpay.vn
232,Hà Nội,TTQLSP_QLSP2,VP01012,Nguyễn Thị Mơ,Trung tâm Quản lý sản phẩm,Phòng Quản lý sản phẩm 2,Chuyên viên Quản lý sản phẩm,962419925,mont@vnpay.vn,Tanhle@vnpay.vn
233,Hà Nội,TTQLSP_QLSP2,VP01727,Bùi Thị Tươi,Trung tâm Quản lý sản phẩm,Phòng Quản lý sản phẩm 2,Chuyên viên Quản lý sản phẩm,369206654,tuoibt@vnpay.vn,Tanhle@vnpay.vn
234,Hà Nội,TTQLSP_QLSP2,VP01761,Nguyễn Thị Dinh,Trung tâm Quản lý sản phẩm,Phòng Quản lý sản phẩm 2,Chuyên viên Quản lý sản phẩm,968948263,dinhnt@vnpay.vn,Tanhle@vnpay.vn
235,Hà Nội,TTQLSP_QLSP2,VP01848,Vũ Ngọc Minh,Trung tâm Quản lý sản phẩm,Phòng Quản lý sản phẩm 2,Chuyên viên Quản lý sản phẩm,975906446,minhvn1@vnpay.vn,Tanhle@vnpay.vn
236,Hà Nội,TTQLSP_QLSP2,VP01868,Nguyễn Thị Minh Hạnh,Trung tâm Quản lý sản phẩm,Phòng Quản lý sản phẩm 2,Chuyên viên Quản lý sản phẩm,986565474,hanhntm2@vnpay.vn,Tanhle@vnpay.vn
237,Hà Nội,TTQLSP_QLSP2,VP03690,Lê Thị Mai Hương,Trung tâm Quản lý sản phẩm,Phòng Quản lý sản phẩm 2,Nhân viên Quản lý sản phẩm,355215800,huongltm@vnpay.vn,Tanhle@vnpay.vn
238,Hà Nội,TTQLSP_QLSP2,VP03915,Nguyễn Hạnh Chi,Trung tâm Quản lý sản phẩm,Phòng Quản lý sản phẩm 2,Nhân viên Quản lý sản phẩm,968333261,chinh@vnpay.vn,Tanhle@vnpay.vn
239,Hà Nội,TTQLSP_QLSP2,VP03921,Nguyễn Minh Phương,Trung tâm Quản lý sản phẩm,Phòng Quản lý sản phẩm 2,Nhân viên Quản lý sản phẩm,972185788,phuongnm4@vnpay.vn,Tanhle@vnpay.vn
240,Hà Nội,TTQLSP_QLSP2,VP01554,Phạm Thị Thu Thủy,Trung tâm Quản lý sản phẩm,Phòng Quản lý sản phẩm 2,Nhân viên Quản lý sản phẩm,974019292,thuyptt3@vnpay.vn,Tanhle@vnpay.vn
241,Hà Nội,TTQLSP_QLSP2,VP02648,Phạm Thị Mỹ Hạnh,Trung tâm Quản lý sản phẩm,Phòng Quản lý sản phẩm 2,Nhân viên Quản lý sản phẩm,968084382,hanhptm1@vnpay.vn,Tanhle@vnpay.vn
242,Hà Nội,TTQLSP_QLSP2,VP02865,Nguyễn Thị Khánh Huyền,Trung tâm Quản lý sản phẩm,Phòng Quản lý sản phẩm 2,Nhân viên Quản lý sản phẩm,349845341,huyenntk1@vnpay.vn,Tanhle@vnpay.vn
243,Hà Nội,TTQLSP_QLSP2,VP03576,Phan Thị Tú Anh,Trung tâm Quản lý sản phẩm,Phòng Quản lý sản phẩm 2,Nhân viên Quản lý sản phẩm,342652814,anhptt@vnpay.vn,Tanhle@vnpay.vn
244,Hà Nội,TTQLSP_QLSP2,VP03577,Dương Thanh Hiên,Trung tâm Quản lý sản phẩm,Phòng Quản lý sản phẩm 2,Nhân viên Quản lý sản phẩm,856636127,hiendt2@vnpay.vn,Tanhle@vnpay.vn
245,Hà Nội,TTQLSP_QLSP2,VP03618,Tạ Kiều Trinh,Trung tâm Quản lý sản phẩm,Phòng Quản lý sản phẩm 2,Nhân viên Quản lý sản phẩm,336534748,trinhtk@vnpay.vn,Tanhle@vnpay.vn
246,Hà Nội,TTQLSP_QLSP2,VP01446,Phạm Phương Linh,Trung tâm Quản lý sản phẩm,Phòng Quản lý sản phẩm 2,Nhân viên Quản lý sản phẩm,964122213,linhpp@vnpay.vn,Tanhle@vnpay.vn
247,Hà Nội,TTQLSP_QLSP2,VP01606,Kiều Thu Thủy,Trung tâm Quản lý sản phẩm,Phòng Quản lý sản phẩm 2,Nhân viên Quản lý sản phẩm,369792628,thuykt@vnpay.vn,Tanhle@vnpay.vn
248,Hà Nội,TTQLSP_QLSP2,VP01772,Đặng Thị Thu Hằng,Trung tâm Quản lý sản phẩm,Phòng Quản lý sản phẩm 2,Nhân viên Quản lý sản phẩm,335080497,hangdtt@vnpay.vn,Tanhle@vnpay.vn
249,Hà Nội,TTQLSP_QLSP2,VP01802,Nguyễn Thị Duyên,Trung tâm Quản lý sản phẩm,Phòng Quản lý sản phẩm 2,Nhân viên Quản lý sản phẩm,981783963,duyennt@vnpay.vn,Tanhle@vnpay.vn
250,Hà Nội,TTQLSP_QLSP2,VP01964,Bùi Thị Ánh Nguyệt,Trung tâm Quản lý sản phẩm,Phòng Quản lý sản phẩm 2,Nhân viên Quản lý sản phẩm,822353789,nguyetbta@vnpay.vn,Tanhle@vnpay.vn
251,Hà Nội,TTQLSP_QLSP2,VP02275,Vũ Thị Nhật,Trung tâm Quản lý sản phẩm,Phòng Quản lý sản phẩm 2,Nhân viên Quản lý sản phẩm,978175929,nhatvt@vnpay.vn,Tanhle@vnpay.vn
252,Hà Nội,TTQLSP_QLSP2,VP02434,Nguyễn Hiền Mai,Trung tâm Quản lý sản phẩm,Phòng Quản lý sản phẩm 2,Nhân viên Quản lý sản phẩm,333628256,mainh@vnpay.vn,Tanhle@vnpay.vn
253,Hà Nội,TTQLSP_QLSP2,VP02609,Nguyễn Nam Tùng,Trung tâm Quản lý sản phẩm,Phòng Quản lý sản phẩm 2,Nhân viên Quản lý sản phẩm,988982682,tungnn1@vnpay.vn,Tanhle@vnpay.vn
254,Hà Nội,TTQLSP_QLSP2,VP02620,Đặng Thanh Vân,Trung tâm Quản lý sản phẩm,Phòng Quản lý sản phẩm 2,Nhân viên Quản lý sản phẩm,943681098,vandt2@vnpay.vn,Tanhle@vnpay.vn
255,Hà Nội,TTQLSP_QLSP2,VP03260,Lại Thị Phương Thảo,Trung tâm Quản lý sản phẩm,Phòng Quản lý sản phẩm 2,Nhân viên Quản lý sản phẩm,345944228,thaoltp1@vnpay.vn,Tanhle@vnpay.vn
256,Hà Nội,TTQLSP_QLSP2,VP03427,Nguyễn Thị Chinh,Trung tâm Quản lý sản phẩm,Phòng Quản lý sản phẩm 2,Nhân viên Quản lý sản phẩm,902297406,chinhnt2@vnpay.vn,Tanhle@vnpay.vn
257,Hà Nội,TTQLSP_QLSP2,VP02932,Nguyễn Vũ Nhật Tân,Trung tâm Quản lý sản phẩm,Phòng Quản lý sản phẩm 2,Nhân viên Quản lý sản phẩm,392498416,tannvn@vnpay.vn,Tanhle@vnpay.vn
258,Hồ Chí Minh,TTQLSP_QLSP2,VP03143,Tôn Thất Long,Trung tâm Quản lý sản phẩm,Phòng Quản lý sản phẩm 2,Nhân viên Quản lý sản phẩm,933229461,longtt1@vnpay.vn,Tanhle@vnpay.vn
259,Hồ Chí Minh,TTQLSP_QLSP2,VP02933,Trần Văn Ngọc,Trung tâm Quản lý sản phẩm,Phòng Quản lý sản phẩm 2,Nhân viên Quản lý sản phẩm,973913126,ngoctv1@vnpay.vn,Tanhle@vnpay.vn
260,Hà Nội,TTQLSP_QLSP2,VP03712,Phạm Thanh Hà,Trung tâm Quản lý sản phẩm,Phòng Quản lý sản phẩm 2,Nhân viên Quản lý sản phẩm,942605296,hapt3@vnpay.vn,Tanhle@vnpay.vn
261,Hà Nội,TTQLSP_QLSP2,VP02066,Nguyễn Trang Nhung,Trung tâm Quản lý sản phẩm,Phòng Quản lý sản phẩm 2,Nhân viên Quản lý sản phẩm,967068897,nhungnt3@vnpay.vn,Tanhle@vnpay.vn
262,Hà Nội,TTQLSP_QLSP2,VP03136,Mai Thị Trâm Anh,Trung tâm Quản lý sản phẩm,Phòng Quản lý sản phẩm 2,Nhân viên Quản lý sản phẩm,971931054,anhmtt@vnpay.vn,Tanhle@vnpay.vn
263,Hà Nội,TTQLSP_QLSP2,VP03137,Bùi Khánh Phương,Trung tâm Quản lý sản phẩm,Phòng Quản lý sản phẩm 2,Nhân viên Quản lý sản phẩm,357524139,phuongbk@vnpay.vn,Tanhle@vnpay.vn
264,Hà Nội,TTQLSP_QLSP2,VP03541,Nguyễn Phương Linh,Trung tâm Quản lý sản phẩm,Phòng Quản lý sản phẩm 2,Nhân viên Quản lý sản phẩm,858954657,linhnp1@vnpay.vn,Tanhle@vnpay.vn
265,Hà Nội,TTQLSP_QLSP2,VP02331,Nguyễn Thu Trang,Trung tâm Quản lý sản phẩm,Phòng Quản lý sản phẩm 2,Nhân viên Quản lý sản phẩm,866551588,trangnt7@vnpay.vn,Tanhle@vnpay.vn
266,Hà Nội,TTQLSP_QLSP2,VP02819,Trần Thị Hồng Anh,Trung tâm Quản lý sản phẩm,Phòng Quản lý sản phẩm 2,Nhân viên Quản lý sản phẩm,968742810,anhtth1@vnpay.vn,Tanhle@vnpay.vn
267,Hà Nội,TTQLSP_QLSP2,VP02673,Nguyễn Thị Mai Anh,Trung tâm Quản lý sản phẩm,Phòng Quản lý sản phẩm 2,Nhân viên Quản lý sản phẩm,705879666,anhntm1@vnpay.vn,Tanhle@vnpay.vn
268,Hà Nội,TTQLSP_QLSP2,VP02166,Nguyễn Mai Hương,Trung tâm Quản lý sản phẩm,Phòng Quản lý sản phẩm 2,Nhân viên Quản lý sản phẩm,966837699,huongnm4@vnpay.vn,Tanhle@vnpay.vn
269,Hà Nội,TTQLSP_QLSP2,VP03699,Ngô Thị Nguyệt,Trung tâm Quản lý sản phẩm,Phòng Quản lý sản phẩm 2,Nhân viên Quản lý sản phẩm,982321494,"nguyetnt3@vnpay.vn
",Tanhle@vnpay.vn
270,Hà Nội,TTQLSP_QLSP2,VP03902,Nguyễn Thị Giáng Hương,Trung tâm Quản lý sản phẩm,Phòng Quản lý sản phẩm 2,Nhân viên Quản lý sản phẩm,378894846,huongntg@vnpay.vn,Tanhle@vnpay.vn
271,Hà Nội,TTQLSP_QLSP2,VP04149,Lê Quỳnh Chi,Trung tâm Quản lý sản phẩm,Phòng Quản lý sản phẩm 2,Nhân viên Quản lý sản phẩm,832981776,chilq1@vnpay.vn,Tanhle@vnpay.vn
272,Hà Nội,TTQLSP_QLSP2,VP04187,Hà Tùng Dương,Trung tâm Quản lý sản phẩm,Quản lý sản phẩm 2,Nhân viên Quản lý sản phẩm 2,979443474,duonght1@vnpay.vn,Tanhle@vnpay.vn
273,Hà Nội,TTQLSP_QTDA,VP00680,Phạm Quang Huy,Trung tâm Quản lý sản phẩm,Phòng Quản trị dự án,Phó Giám Đốc Trung tâm kiêm Trưởng phòng Quản trị dự án,984873468,huypq@vnpay.vn,Tanhle@vnpay.vn
274,Hà Nội,TTQLSP_QTDA,VP00730,Nguyễn Mạnh Hà,Trung tâm Quản lý sản phẩm,Phòng Quản trị dự án,Phó phòng Quản trị dự án,988063471,hanm@vnpay.vn,Tanhle@vnpay.vn
275,Hà Nội,TTQLSP_QTDA,VP00008,Đào Thị Kim Dung,Trung tâm Quản lý sản phẩm,Phòng Quản trị dự án,Phó phòng Quản trị dự án,987166693,dungdtk@vnpay.vn,Tanhle@vnpay.vn
276,Hà Nội,TTQLSP_QTDA,VP01509,Đàm Nguyệt Hà,Trung tâm Quản lý sản phẩm,Phòng Quản trị dự án,Trưởng nhóm Quản trị dự án,788335787,hadn@vnpay.vn,Tanhle@vnpay.vn
277,Hà Nội,TTQLSP_QTDA,VP00278,Nguyễn Ngọc Phương,Trung tâm Quản lý sản phẩm,Phòng Quản trị dự án,Trưởng nhóm Quản trị dự án,936466193,phuongnn@vnpay.vn,Tanhle@vnpay.vn
278,Hà Nội,TTQLSP_QTDA,VP00524,Nguyễn Tuấn Cường,Trung tâm Quản lý sản phẩm,Phòng Quản trị dự án,Trưởng nhóm Quản trị dự án,919188511,cuongnt@vnpay.vn,Tanhle@vnpay.vn
279,Hồ Chí Minh,TTQLSP_QTDA,VP00721,Nguyễn Thu Trang,Trung tâm Quản lý sản phẩm,Phòng Quản trị dự án,Trưởng nhóm Quản trị dự án,388637464,trangnt@vnpay.vn,Tanhle@vnpay.vn
280,Hà Nội,TTQLSP_QTDA,VP01534,Đặng Hoàng Thúy,Trung tâm Quản lý sản phẩm,Phòng Quản trị dự án,Chuyên viên Quản trị dự án,915806696,thuydh@vnpay.vn,Tanhle@vnpay.vn
281,Hà Nội,TTQLSP_QTDA,VP02433,Phạm Hà Chi,Trung tâm Quản lý sản phẩm,Phòng Quản trị dự án,Chuyên viên Quản trị dự án,985830788,chiph@vnpay.vn,Tanhle@vnpay.vn
282,Hà Nội,TTQLSP_QTDA,VP02235,Đoàn Thị Thu Hiền,Trung tâm Quản lý sản phẩm,Phòng Quản trị dự án,Nhân viên Quản trị dự án,911093035,hiendtt1@vnpay.vn,Tanhle@vnpay.vn
283,Hà Nội,TTQLSP_QTDA,VP03264,Trần Bảo Yến,Trung tâm Quản lý sản phẩm,Phòng Quản trị dự án,Nhân viên Quản trị dự án,942940008,yentb@vnpay.vn,Tanhle@vnpay.vn
284,Hà Nội,TTQLSP_QTDA,VP02761,Nguyễn Ngọc Ánh,Trung tâm Quản lý sản phẩm,Phòng Quản trị dự án,Nhân viên Quản trị dự án,902155367,anhnn4@vnpay.vn,Tanhle@vnpay.vn
285,Hà Nội,TTQLSP_QTDA,VP03929,Nguyễn Thúy Linh,Trung tâm Quản lý sản phẩm,Phòng Quản trị dự án,Nhân viên Quản trị dự án,356177636,linhnt17@vnpay.vn,Tanhle@vnpay.vn
286,Hà Nội,TTQLSP_QTDA,VP03625,Trịnh Châu Anh,Trung tâm Quản lý sản phẩm,Phòng Quản trị dự án,Nhân viên Quản trị dự án,981314288,anhtc2@vnpay.vn,Tanhle@vnpay.vn
287,Hà Nội,TTQLSP_QTDA,VP03529,Nguyễn Khánh Hòa,Trung tâm Quản lý sản phẩm,Phòng Quản trị dự án,Nhân viên Quản trị dự án,389894510,hoank@vnpay.vn,Tanhle@vnpay.vn
288,Hà Nội,TTQLSP_QTDA,VP01499,Vũ Quang Minh,Trung tâm Quản lý sản phẩm,Phòng Quản trị dự án,Nhân viên Quản trị dự án,363550671,minhvq@vnpay.vn,Tanhle@vnpay.vn
289,Hà Nội,TTQLSP_QTDA,VP03441,Đinh Ngọc Mai,Trung tâm Quản lý sản phẩm,Phòng Quản trị dự án,Nhân viên Quản trị dự án,947981002,maidn1@vnpay.vn,Tanhle@vnpay.vn
290,Hà Nội,TTQLSP_QTDA,VP01875,Nguyễn Thị Mỹ Hằng,Trung tâm Quản lý sản phẩm,Phòng Quản trị dự án,Nhân viên Quản trị dự án,979289916,hangntm1@vnpay.vn,Tanhle@vnpay.vn
291,Hà Nội,TTQLSP_QTDA,VP03607,Hoàng Phương Linh,Trung tâm Quản lý sản phẩm,Phòng Quản trị dự án,Nhân viên Quản trị dự án,373481638,linhhp1@vnpay.vn,Tanhle@vnpay.vn
292,Hà Nội,TTQLSP_QTDA,VP03652,Ngô Hà Trang,Trung tâm Quản lý sản phẩm,Phòng Quản trị dự án,Nhân viên Quản trị dự án,976909808,trangnh7@vnpay.vn,Tanhle@vnpay.vn
293,Hà Nội,TTQLSP_QTDA,VP00089,Nguyễn Thị Hiếu,Trung tâm Quản lý sản phẩm,Phòng Quản trị dự án,Nhân viên Quản trị dự án,973622339,hieunt@vnpay.vn,Tanhle@vnpay.vn
294,Hà Nội,TTQLSP_QTDA,VP01867,Phạm Thị Thanh An,Trung tâm Quản lý sản phẩm,Phòng Quản trị dự án,Nhân viên Quản trị dự án,375695952,anptt@vnpay.vn,Tanhle@vnpay.vn
295,Hà Nội,TTQLSP_QTDA,VP03865,Đặng Trần Thủy Tiên,Trung tâm Quản lý sản phẩm,Phòng Quản trị dự án,Nhân viên Quản trị dự án,902086229,tiendtt2@vnpay.vn,Tanhle@vnpay.vn
296,Hồ Chí Minh,TTQLSP_QTDA,VP03890,Đinh Việt Hoàng,Trung tâm Quản lý sản phẩm,Phòng Quản trị dự án,Nhân viên Quản trị dự án,353804213,hoangdv@vnpay.vn,Tanhle@vnpay.vn
297,Hồ Chí Minh,TTQLSP_QTDA,VP03949,Phan Trần Bảo An,Trung tâm Quản lý sản phẩm,Phòng Quản trị dự án,Nhân viên Quản trị dự án,797071012,anptb1@vnpay.vn,Tanhle@vnpay.vn
298,Hà Nội,TTQLSP_QTDA,VP03969,Trần Hạnh Huyền,Trung tâm Quản lý sản phẩm,Phòng Quản trị dự án,Nhân viên Quản trị dự án,964363033,huyenth@vnpay.vn,Tanhle@vnpay.vn
299,Hà Nội,TTQLSP_QTDA,VP03970,Phạm Thị Hà,Trung tâm Quản lý sản phẩm,Phòng Quản trị dự án,Nhân viên Quản trị dự án,776428709,hapt4@vnpay.vn,Tanhle@vnpay.vn
300,Hà Nội,TTQLSP_QTDA,VP04049,Đồng Quang Huy,Trung tâm Quản lý sản phẩm,Phòng Quản trị dự án,Nhân viên Quản trị dự án,947954253,huydq2@vnpay.vn,Tanhle@vnpay.vn
301,Hà Nội,TTQLSP_QTDA,VP04106,Nguyễn Thị Phương Dung,Trung tâm Quản lý sản phẩm,Phòng Quản trị dự án,Nhân viên Quản trị dự án,399957144,dungntp@vnpay.vn,Tanhle@vnpay.vn
302,Hà Nội,TTQLSP_TK,VP00169,Hoàng Anh Thiên,Trung tâm Quản lý sản phẩm,Phòng Thiết kế,Trưởng phòng Thiết kế,932083683,thienha@vnpay.vn,Tanhle@vnpay.vn
303,Hà Nội,TTQLSP_TK,VP00453,Thái Ngọc Quỳnh,Trung tâm Quản lý sản phẩm,Phòng Thiết kế,Phó phòng Thiết kế,979444690,quynhtn@vnpay.vn,Tanhle@vnpay.vn
304,Hà Nội,TTQLSP_TK,VP00649,Nguyễn Hoàng Hiếu,Trung tâm Quản lý sản phẩm,Phòng Thiết kế,Trưởng nhóm Thiết kế Mobile UI/UX,906198882,hieunh@vnpay.vn,Tanhle@vnpay.vn
305,Hà Nội,TTQLSP_TK,VP01361,Nguyễn Quốc Long,Trung tâm Quản lý sản phẩm,Phòng Thiết kế,Trưởng nhóm Thiết kế Mobile UI/UX,837408786,longnq@vnpay.vn,Tanhle@vnpay.vn
306,Hà Nội,TTQLSP_TK,VP01040,Vũ Hùng,Trung tâm Quản lý sản phẩm,Phòng Thiết kế,Trưởng nhóm Web,904556519,hungv@vnpay.vn,Tanhle@vnpay.vn
307,Hà Nội,TTQLSP_TK,VP00267,Nguyễn Thành Tùng,Trung tâm Quản lý sản phẩm,Phòng Thiết kế,Trưởng nhóm Web,965416318,tungnt2@vnpay.vn,Tanhle@vnpay.vn
308,Hà Nội,TTQLSP_TK,VP01182,Nguyễn Thị Hồng Nhung,Trung tâm Quản lý sản phẩm,Phòng Thiết kế,Chuyên viên Đồ hoạ chuyển động,349164194,nhungnth3@vnpay.vn,Tanhle@vnpay.vn
309,Hà Nội,TTQLSP_TK,VP00168,Nguyễn Văn Hào,Trung tâm Quản lý sản phẩm,Phòng Thiết kế,Chuyên viên Lập trình HTML,977084686,haonv@vnpay.vn,Tanhle@vnpay.vn
310,Hà Nội,TTQLSP_TK,VP01556,Vũ Văn Quân,Trung tâm Quản lý sản phẩm,Phòng Thiết kế,Chuyên viên Lập trình HTML,985102540,quanvv@vnpay.vn,Tanhle@vnpay.vn
311,Hà Nội,TTQLSP_TK,VP01943,Nguyễn Hoàng Giáp,Trung tâm Quản lý sản phẩm,Phòng Thiết kế,Chuyên viên Lập trình HTML,983229231,giapnh@vnpay.vn,Tanhle@vnpay.vn
312,Hà Nội,TTQLSP_TK,VP00240,Nguyễn Tùng,Trung tâm Quản lý sản phẩm,Phòng Thiết kế,Chuyên viên Thiết kế UI/UX,389095050,tungn@vnpay.vn,Tanhle@vnpay.vn
313,Hà Nội,TTQLSP_TK,VP01192,Đỗ Duy Trường,Trung tâm Quản lý sản phẩm,Phòng Thiết kế,Chuyên viên Thiết kế UI/UX,888800819,phongpd@vnpay.vn,Tanhle@vnpay.vn
314,Hà Nội,TTQLSP_TK,VP02694,Trần Lê Phương Thảo,Trung tâm Quản lý sản phẩm,Phòng Thiết kế,Chuyên viên Thiết kế UI/UX,975788018,thaotlp@vnpay.vn,Tanhle@vnpay.vn
315,Hà Nội,TTQLSP_TK,VP04042,Vũ Thái Ngân,Trung tâm Quản lý sản phẩm,Phòng Thiết kế,Chuyên viên thiết kế UIUX,824062113,nganvt1@vnpay.vn,Tanhle@vnpay.vn
316,Hà Nội,TTQLSP_TK,VP01592,Lê Nguyên Ngọc,Trung tâm Quản lý sản phẩm,Phòng Thiết kế,Chuyên viên Thiết kế Web,948807484,ngocln@vnpay.vn,Tanhle@vnpay.vn
317,Hồ Chí Minh,TTQLSP_TK,VP02128,Nguyễn Thị Kim Ngọc,Trung tâm Quản lý sản phẩm,Phòng Thiết kế,Chuyên viên Vẽ minh hoạ,908826009,ngocntk@vnpay.vn,Tanhle@vnpay.vn
318,Hà Nội,TTQLSP_TK,VP04014,Nguyễn Ánh Phương,Trung tâm Quản lý sản phẩm,Phòng Thiết kế,Chuyên viên vẽ minh họa,332203089,phuongna@vnpay.vn,Tanhle@vnpay.vn
319,Hà Nội,TTQLSP_TK,VP03858,Nguyễn Đức Anh,Trung tâm Quản lý sản phẩm,Phòng Thiết kế,Nhân viên Lập trình HTML,326770098,anhnd13@vnpay.vn,Tanhle@vnpay.vn
320,Hà Nội,TTQLSP_TK,VP00191,Nguyễn Thị Nết,Trung tâm Quản lý sản phẩm,Phòng Thiết kế,Nhân viên Thiết kế UI/UX,343272776,netnt@vnpay.vn,Tanhle@vnpay.vn
321,Hà Nội,TTQLSP_TK,VP00689,Nguyễn Lê Duy,Trung tâm Quản lý sản phẩm,Phòng Thiết kế,Nhân viên Thiết kế UI/UX,968710355,duynl@vnpay.vn,Tanhle@vnpay.vn
322,Hà Nội,TTQLSP_TK,VP01329,Nguyễn Thị Tố Uyên,Trung tâm Quản lý sản phẩm,Phòng Thiết kế,Nhân viên Thiết kế UI/UX,384826054,uyenntt1@vnpay.vn,Tanhle@vnpay.vn
323,Hà Nội,TTQLSP_TK,VP01571,Nguyễn Khánh Ly,Trung tâm Quản lý sản phẩm,Phòng Thiết kế,Nhân viên Thiết kế UI/UX,942713612,lynk2@vnpay.vn,Tanhle@vnpay.vn
324,Hà Nội,TTQLSP_TK,VP01905,Dương Thị Minh Anh,Trung tâm Quản lý sản phẩm,Phòng Thiết kế,Nhân viên Thiết kế UI/UX,963477703,anhdtm@vnpay.vn,Tanhle@vnpay.vn
325,Hà Nội,TTQLSP_TK,VP02318,Trần Tiến Đạt,Trung tâm Quản lý sản phẩm,Phòng Thiết kế,Nhân viên Thiết kế UI/UX,342416568,dattt2@vnpay.vn,Tanhle@vnpay.vn
326,Hà Nội,TTQLSP_TK,VP02617,Đào Thanh Hoa,Trung tâm Quản lý sản phẩm,Phòng Thiết kế,Nhân viên Thiết kế UI/UX,973716628,hoadt@vnpay.vn,Tanhle@vnpay.vn
327,Hà Nội,TTQLSP_TK,VP02663,Tống Lan Hương,Trung tâm Quản lý sản phẩm,Phòng Thiết kế,Nhân viên Thiết kế UI/UX,973257455,huongtl1@vnpay.vn,Tanhle@vnpay.vn
328,Hà Nội,TTQLSP_TK,VP02778,Nguyễn Thị Thương,Trung tâm Quản lý sản phẩm,Phòng Thiết kế,Nhân viên Thiết kế UI/UX,379036897,thuongnt3@vnpay.vn,Tanhle@vnpay.vn
329,Hà Nội,TTQLSP_TK,VP02786,Hoàng Nhật Minh,Trung tâm Quản lý sản phẩm,Phòng Thiết kế,Nhân viên Thiết kế UI/UX,834644247,minhhn@vnpay.vn,Tanhle@vnpay.vn
330,Hà Nội,TTQLSP_TK,VP02823,Nguyễn Quỳnh Anh,Trung tâm Quản lý sản phẩm,Phòng Thiết kế,Nhân viên Thiết kế UI/UX,969572814,anhnq5@vnpay.vn,Tanhle@vnpay.vn
331,Hà Nội,TTQLSP_TK,VP02827,Lê Tiến Dũng,Trung tâm Quản lý sản phẩm,Phòng Thiết kế,Nhân viên Thiết kế UI/UX,398090095,dunglt1@vnpay.vn,Tanhle@vnpay.vn
332,Hà Nội,TTQLSP_TK,VP03293,Luyện Nhật Linh,Trung tâm Quản lý sản phẩm,Phòng Thiết kế,Nhân viên Thiết kế UI/UX,902229255,linhln3@vnpay.vn,Tanhle@vnpay.vn
333,Hồ Chí Minh,TTQLSP_TK,VP03383,Huỳnh Ngọc Lam Tuyền,Trung tâm Quản lý sản phẩm,Phòng Thiết kế,Nhân viên Thiết kế UI/UX,908342366,tuyenhnl@vnpay.vn,Tanhle@vnpay.vn
334,Hà Nội,TTQLSP_TK,VP03403,Ngô Thị Quỳnh Trang,Trung tâm Quản lý sản phẩm,Phòng Thiết kế,Nhân viên Thiết kế UI/UX,362692137,trangntq1@vnpay.vn,Tanhle@vnpay.vn
335,Hồ Chí Minh,TTQLSP_TK,VP03424,Nguyễn Thị Kim Trang,Trung tâm Quản lý sản phẩm,Phòng Thiết kế,Nhân viên Thiết kế UI/UX,795239105,trangntk@vnpay.vn,Tanhle@vnpay.vn
336,Hà Nội,TTQLSP_TK,VP02616,Phùng Thị Nguyệt Mai,Trung tâm Quản lý sản phẩm,Phòng Thiết kế,Nhân viên Thiết kế Web,352604299,maiptn@vnpay.vn,Tanhle@vnpay.vn
337,Hà Nội,TTQLSP_TK,VP04170,Đồng Công Định,Trung tâm Quản lý sản phẩm,Phòng Thiết kế,Nhân viên Thiết kế Web,373715494,dinhdc@vnpay.vn,Tanhle@vnpay.vn
338,Hà Nội,TTQLSP_TK,VP03596,Nguyễn Tiến Dũng,Trung tâm Quản lý sản phẩm,Phòng Thiết kế,Nhân viên vẽ minh họa,988920984,dungnt12@vnpay.vn,Tanhle@vnpay.vn
339,Hà Nội,TTQLSP_TK,VP04015,Vũ Lê Khánh Linh,Trung tâm Quản lý sản phẩm,Phòng Thiết kế,Nhân viên vẽ minh họa,833561511,linhvlk@vnpay.vn,Tanhle@vnpay.vn
340,Hà Nội,P.DVHST,VP01756,Phạm Minh Dương,Các Phòng ban chức năng,Phòng Dịch vụ Hệ sinh thái,Trưởng phòng Dịch vụ hệ sinh thái,984263857,duongpm@vnpay.vn,Tanhle@vnpay.vn
341,Hà Nội,P.DVHST,VP00282,Nguyễn Ngọc Dũng,Các Phòng ban chức năng,Phòng Dịch vụ Hệ sinh thái,Phó phòng Dịch vụ hệ sinh thái,903292145,dungnn@vnpay.vn,Tanhle@vnpay.vn
342,Hồ Chí Minh,P.DVHST,VP00179,Đặng Huy Minh,Các Phòng ban chức năng,Phòng Dịch vụ Hệ sinh thái,Trưởng nhóm Phát triển đối tác Vận tải,902277939,minhdh@vnpay.vn,Tanhle@vnpay.vn
343,Hà Nội,P.DVHST,VP02725,Phan Thanh Tùng,Các Phòng ban chức năng,Phòng Dịch vụ Hệ sinh thái,Trưởng nhóm Quản lý đối tác Vận tải,865688934,tungpt@vnpay.vn,Tanhle@vnpay.vn
344,Hồ Chí Minh,P.DVHST,VP00811,Nguyễn Trung Nguyên,Các Phòng ban chức năng,Phòng Dịch vụ Hệ sinh thái,Trưởng Nhóm Dịch vụ Vui chơi giải trí,348466148,nguyennt@vnpay.vn,Tanhle@vnpay.vn
345,Hà Nội,P.DVHST,VP02247,Nguyễn Việt Bách,Các Phòng ban chức năng,Phòng Dịch vụ Hệ sinh thái,Trưởng Nhóm Dịch vụ Lữ hành - Đặc thù,866843630,bachnv1@vnpay.vn,Tanhle@vnpay.vn
346,Hà Nội,P.DVHST,VP00631,Nguyễn Như Phong,Các Phòng ban chức năng,Phòng Dịch vụ Hệ sinh thái,Trưởng Nhóm Dịch vụ Thiết yếu,968873313,phongnn@vnpay.vn,Tanhle@vnpay.vn
347,Hà Nội,P.DVHST,VP01719,Đinh Thu Trang,Các Phòng ban chức năng,Phòng Dịch vụ Hệ sinh thái,Trưởng nhóm Triển khai và Hỗ trợ dịch vụ,984404883,trangdt@vnpay.vn,Tanhle@vnpay.vn
348,Hà Nội,P.DVHST,VP01445,Cấn Hoàng Luân,Các Phòng ban chức năng,Phòng Dịch vụ Hệ sinh thái,Chuyên viên Quản lý đối tác,988088593,luanch@vnpay.vn,Tanhle@vnpay.vn
349,Hà Nội,P.DVHST,VP02551,Trần Tiến Cường,Các Phòng ban chức năng,Phòng Dịch vụ Hệ sinh thái,Chuyên viên Quản lý đối tác,946170191,cuongtt@vnpay.vn,Tanhle@vnpay.vn
350,Hà Nội,P.DVHST,VP02586,Lê Quỳnh Hương,Các Phòng ban chức năng,Phòng Dịch vụ Hệ sinh thái,Chuyên viên Quản lý đối tác,968259089,huonglq@vnpay.vn,Tanhle@vnpay.vn
351,Hà Nội,P.DVHST,VP02801,Trần Hải Trung,Các Phòng ban chức năng,Phòng Dịch vụ Hệ sinh thái,Chuyên viên Quản lý đối tác,931633889,trungth@vnpay.vn,Tanhle@vnpay.vn
352,Hà Nội,P.DVHST,VP02803,Nguyễn Thị Linh,Các Phòng ban chức năng,Phòng Dịch vụ Hệ sinh thái,Chuyên viên Quản lý đối tác,964577132,linhnt11@vnpay.vn,Tanhle@vnpay.vn
353,Hồ Chí Minh,P.DVHST,VP02084,Lê Chí Hữu,Các Phòng ban chức năng,Phòng Dịch vụ Hệ sinh thái,Chuyên viên Quản lý đối tác,916756786,huulc@vnpay.vn,Tanhle@vnpay.vn
354,Hà Nội,P.DVHST,VP02442,Trần Bình Minh,Các Phòng ban chức năng,Phòng Dịch vụ Hệ sinh thái,Chuyên viên Quản lý đối tác,356919088,minhtb@vnpay.vn,Tanhle@vnpay.vn
355,Hồ Chí Minh,P.DVHST,VP03680,Nguyễn Thị Thùy Uyên,Các Phòng ban chức năng,Phòng Dịch vụ Hệ sinh thái,Chuyên viên Quản lý đối tác,326644873,uyenntt3@vnpay.vn,Tanhle@vnpay.vn
356,Hà Nội,P.DVHST,VP03776,Mai Ngọc Hân,Các Phòng ban chức năng,Phòng Dịch vụ Hệ sinh thái,Nhân viên Triển khai và Hỗ trợ dịch vụ,866891197,hanmn@vnpay.vn,Tanhle@vnpay.vn
357,Đà Nẵng,P.DVHST,VP03934,Trần Thị Ánh Nguyệt,Các Phòng ban chức năng,Phòng Dịch vụ Hệ sinh thái,Chuyên viên Quản lý đối tác,853246152,nguyettta@vnpay.vn,Tanhle@vnpay.vn
358,Hà Nội,P.DVHST,VP01552,Vũ Tất Đạt,Các Phòng ban chức năng,Phòng Dịch vụ Hệ sinh thái,Chuyên viên Quản lý hợp tác đối tác,913555568,datvt@vnpay.vn,Tanhle@vnpay.vn
359,Hà Nội,P.DVHST,VP01273,Nguyễn Thị Nguyệt,Các Phòng ban chức năng,Phòng Dịch vụ Hệ sinh thái,Chuyên viên Quản lý hợp tác đối tác,979220246,nguyetnt1@vnpay.vn,Tanhle@vnpay.vn
360,Hồ Chí Minh,P.DVHST,VP02618,Lưu Quang Minh,Các Phòng ban chức năng,Phòng Dịch vụ Hệ sinh thái,Chuyên viên Quản lý hợp tác đối tác,917422763,minhlq@vnpay.vn,Tanhle@vnpay.vn
361,Hà Nội,P.DVHST,VP02448,Nguyễn Mai Linh,Các Phòng ban chức năng,Phòng Dịch vụ Hệ sinh thái,Nhân viên Quản lý hợp tác đối tác,977293895,linhnm3@vnpay.vn,Tanhle@vnpay.vn
362,Hà Nội,P.DVHST,VP01336,Vũ Kim Hải,Các Phòng ban chức năng,Phòng Dịch vụ Hệ sinh thái,Nhân viên Quản lý hợp tác đối tác,368078010,haivk@vnpay.vn,Tanhle@vnpay.vn
363,Hà Nội,P.DVHST,VP02659,Nguyễn Thị Linh,Các Phòng ban chức năng,Phòng Dịch vụ Hệ sinh thái,Nhân viên Quản lý hợp tác đối tác,986622942,linhnt10@vnpay.vn,Tanhle@vnpay.vn
364,Hà Nội,P.DVHST,VP02821,Trần Thị Kiều Minh,Các Phòng ban chức năng,Phòng Dịch vụ Hệ sinh thái,Nhân viên Quản lý hợp tác đối tác,365654410,minhttk@vnpay.vn,Tanhle@vnpay.vn
365,Hồ Chí Minh,P.DVHST,VP02733,Nguyễn Võ Thanh Trúc,Các Phòng ban chức năng,Phòng Dịch vụ Hệ sinh thái,Nhân viên Quản lý hợp tác đối tác,764691080,trucnvt@vnpay.vn,Tanhle@vnpay.vn
366,Hồ Chí Minh,P.DVHST,VP02719,Lê Nguyễn Hồng Ân,Các Phòng ban chức năng,Phòng Dịch vụ Hệ sinh thái,Nhân viên Quản lý hợp tác đối tác,901137996,anlnh@vnpay.vn,Tanhle@vnpay.vn
367,Hồ Chí Minh,P.DVHST,VP03215,Nguyễn Thanh Thiện,Các Phòng ban chức năng,Phòng Dịch vụ Hệ sinh thái,Nhân viên Quản lý hợp tác đối tác,937099093,thiennt1@vnpay.vn,Tanhle@vnpay.vn
368,Hà Nội,P.DVHST,VP03352,Hoàng Hải Ly,Các Phòng ban chức năng,Phòng Dịch vụ Hệ sinh thái,Nhân viên Quản lý hợp tác đối tác,909860440,lyhh@vnpay.vn,Tanhle@vnpay.vn
369,Hà Nội,P.DVHST,VP03396,Vũ Thị Bích Diệp,Các Phòng ban chức năng,Phòng Dịch vụ Hệ sinh thái,Nhân viên Quản lý hợp tác đối tác,398989933,diepvtb@vnpay.vn,Tanhle@vnpay.vn
370,Hà Nội,P.DVHST,VP03775,Nguyễn Yến Linh,Các Phòng ban chức năng,Phòng Dịch vụ Hệ sinh thái,Nhân viên Triển khai và Hỗ trợ dịch vụ,329506854,linhny@vnpay.vn,Tanhle@vnpay.vn
371,Hà Nội,P.DVHST,VP02030,Lê Minh Quân,Các Phòng ban chức năng,Phòng Dịch vụ Hệ sinh thái,Nhân viên Triển khai và Hỗ trợ dịch vụ,393250899,quanlm@vnpay.vn,Tanhle@vnpay.vn
372,Hà Nội,P.DVHST,VP02547,Lê Vũ Vương,Các Phòng ban chức năng,Phòng Dịch vụ Hệ sinh thái,Nhân viên Triển khai và Hỗ trợ dịch vụ,338139365,vuonglv@vnpay.vn,Tanhle@vnpay.vn
373,Hà Nội,P.DVHST,VP02678,Nguyễn Ngọc Tú,Các Phòng ban chức năng,Phòng Dịch vụ Hệ sinh thái,Nhân viên Triển khai và Hỗ trợ dịch vụ,988665254,tunn2@vnpay.vn,Tanhle@vnpay.vn
374,Hà Nội,P.DVHST,VP02682,Đỗ Tuấn Anh,Các Phòng ban chức năng,Phòng Dịch vụ Hệ sinh thái,Nhân viên Triển khai và Hỗ trợ dịch vụ,334177860,anhdt10@vnpay.vn,Tanhle@vnpay.vn
375,Hồ Chí Minh,P.DVHST,VP03610,Trần Duy Hùng,Các Phòng ban chức năng,Phòng Dịch vụ Hệ sinh thái,Nhân viên Triển khai và Hỗ trợ dịch vụ,902834161,hungtd2@vnpay.vn,Tanhle@vnpay.vn
376,Đà Nẵng,P.DVHST,VP03708,Nguyễn Thành Đạt,Các Phòng ban chức năng,Phòng Dịch vụ Hệ sinh thái,Nhân viên Triển khai và Hỗ trợ dịch vụ,943260716,datnt18@vnpay.vn,Tanhle@vnpay.vn
377,Hồ Chí Minh,P.DVHST,VP00214,Hồ Xuân Thanh Ngọc,Các Phòng ban chức năng,Phòng Dịch vụ Hệ sinh thái,Nhân viên Quản lý hợp tác đối tác,968890869,ngochxt@vnpay.vn,Tanhle@vnpay.vn
378,Hà Nội,P.DVHST,VP02578,Nguyễn Phương Thảo,Các Phòng ban chức năng,Phòng Dịch vụ Hệ sinh thái,Nhân viên Quản lý hợp tác đối tác,369804164,thaonp8@vnpay.vn,Tanhle@vnpay.vn
379,Hà Nội,BMKT_TTTH,VP01111,Lê Thị Loan,Ban Marketing,Phòng Truyền thông tích hợp,Phó phòng Truyền thông tích hợp,979957694,loanlt@vnpay.vn,tuyetna@vnpay.vn
