mainc@vnpay.vn,Trung tâm Quản lý Sản phẩm - Phòng Phân tích và Phát triển Kinh doanh,Trung tâm Quản lý sản phẩm,Trưởng phòng Phân tích và phát triển Sản phẩm
trungpd@vnpay.vn,Phòng Quản lý sản phẩm 1,Trung tâm Quản lý sản phẩm,Nhân viên Quản lý sản phẩm
thanhlv@vnpay.vn,Phòng Quản lý sản phẩm 1,Trung tâm Quản lý sản phẩm,Nhân viên Quản lý sản phẩm
yentb@vnpay.vn,Phòng Quản trị dự án,Trung tâm Quản lý sản phẩm,Nhân viên Quản trị dự án
giangpth@vnpay.vn,Phòng Quản lý sản phẩm 1,Trung tâm Quản lý sản phẩm,Nhân viên Quản lý sản phẩm
huypq@vnpay.vn,Phòng Quản trị dự án,Trung tâm Quản lý sản phẩm,Phó Giám Đốc Trung tâm kiêm Trưởng phòng Quản trị dự án
lienht@vnpay.vn,Phòng Quản lý sản phẩm 1,Trung tâm Quản lý sản phẩm,Nhân viên Quản lý sản phẩm
hadn@vnpay.vn,Phòng Quản trị dự án,Trung tâm Quản lý sản phẩm,Trưởng nhóm Quản trị dự án
anhnn4@vnpay.vn,Phòng Quản trị dự án,Trung tâm Quản lý sản phẩm,Nhân viên Quản trị dự án
trungvt3@vnpay.vn,Phòng Quản lý sản phẩm 2,Trung tâm Quản lý sản phẩm,Trưởng nhóm Quản lý sản phẩm
loanlt@vnpay.vn,Phòng Truyền thông tích hợp,Ban Marketing,Phó phòng Truyền thông tích hợp
anhbtk@vnpay.vn,Phòng Quản lý sản phẩm 1,Trung tâm Quản lý sản phẩm,Nhân viên Quản lý sản phẩm
hiendtt1@vnpay.vn,Phòng Quản trị dự án,Trung tâm Quản lý sản phẩm,Nhân viên Quản trị dự án
huongltm@vnpay.vn,Phòng Quản lý sản phẩm 2,Trung tâm Quản lý sản phẩm,Nhân viên Quản lý sản phẩm
thudtm@vnpay.vn,Phòng Quản lý sản phẩm 1,Trung tâm Quản lý sản phẩm,Nhân viên Quản lý sản phẩm
huulc@vnpay.vn,Phòng Dịch vụ Hệ sinh thái - Các Phòng ban chức năng,Các Phòng ban chức năng,Chuyên viên Quản lý đối tác
minhdh@vnpay.vn,Phòng Dịch vụ Hệ sinh thái - Các Phòng ban chức năng,Các Phòng ban chức năng,Trưởng nhóm Phát triển đối tác Vận tải
datvt@vnpay.vn,Phòng Dịch vụ Hệ sinh thái - Các Phòng ban chức năng,Các Phòng ban chức năng,Chuyên viên Quản lý hợp tác đối tác
phongnn@vnpay.vn,Phòng Dịch vụ Hệ sinh thái - Các Phòng ban chức năng,Các Phòng ban chức năng,Trưởng Nhóm Dịch vụ Thiết yếu
truongpv@vnpay.vn,Phòng Quản lý sản phẩm 1,Trung tâm Quản lý sản phẩm,Nhân viên Quản lý sản phẩm
nguyetnt1@vnpay.vn,Phòng Dịch vụ Hệ sinh thái - Các Phòng ban chức năng,Các Phòng ban chức năng,Chuyên viên Quản lý hợp tác đối tác
khaidq1@vnpay.vn,Phòng Quản lý sản phẩm 1,Trung tâm Quản lý sản phẩm,Nhân viên Quản lý sản phẩm
minhtb@vnpay.vn,Phòng Dịch vụ Hệ sinh thái - Các Phòng ban chức năng,Các Phòng ban chức năng,Chuyên viên Quản lý đối tác
luanch@vnpay.vn,Phòng Dịch vụ Hệ sinh thái - Các Phòng ban chức năng,Các Phòng ban chức năng,Chuyên viên Quản lý đối tác
minhlq@vnpay.vn,Phòng Dịch vụ Hệ sinh thái - Các Phòng ban chức năng,Các Phòng ban chức năng,Chuyên viên Quản lý hợp tác đối tác
cuongtt@vnpay.vn,Phòng Dịch vụ Hệ sinh thái - Các Phòng ban chức năng,Các Phòng ban chức năng,Chuyên viên Quản lý đối tác
trucnvt@vnpay.vn,Phòng Dịch vụ Hệ sinh thái - Các Phòng ban chức năng,Các Phòng ban chức năng,Nhân viên Quản lý hợp tác đối tác
uyenntt3@vnpay.vn,Phòng Dịch vụ Hệ sinh thái - Các Phòng ban chức năng,Các Phòng ban chức năng,Chuyên viên Quản lý đối tác
phuongnn@vnpay.vn,Phòng Quản trị dự án,Trung tâm Quản lý sản phẩm,Trưởng nhóm Quản trị dự án
anlnh@vnpay.vn,Phòng Dịch vụ Hệ sinh thái - Các Phòng ban chức năng,Các Phòng ban chức năng,Nhân viên Quản lý hợp tác đối tác
minhln@vnpay.vn,Phòng Quản lý sản phẩm 1,Trung tâm Quản lý sản phẩm,Nhân viên Quản lý sản phẩm
huonglq@vnpay.vn,Phòng Dịch vụ Hệ sinh thái - Các Phòng ban chức năng,Các Phòng ban chức năng,Chuyên viên Quản lý đối tác
bachnv1@vnpay.vn,Phòng Dịch vụ Hệ sinh thái - Các Phòng ban chức năng,Các Phòng ban chức năng,Trưởng Nhóm Dịch vụ Lữ hành - Đặc thù
thiennt1@vnpay.vn,Phòng Dịch vụ Hệ sinh thái - Các Phòng ban chức năng,Các Phòng ban chức năng,Nhân viên Quản lý hợp tác đối tác
linhnm3@vnpay.vn,Phòng Dịch vụ Hệ sinh thái - Các Phòng ban chức năng,Các Phòng ban chức năng,Nhân viên Quản lý hợp tác đối tác
tungpt@vnpay.vn,Phòng Dịch vụ Hệ sinh thái - Các Phòng ban chức năng,Các Phòng ban chức năng,Trưởng nhóm Quản lý đối tác Vận tải
thuyhtt1@vnpay.vn,Phòng Quản lý sản phẩm 1,Trung tâm Quản lý sản phẩm,Nhân viên Quản lý sản phẩm
lyhh@vnpay.vn,Phòng Dịch vụ Hệ sinh thái - Các Phòng ban chức năng,Các Phòng ban chức năng,Nhân viên Quản lý hợp tác đối tác
thaonp8@vnpay.vn,Phòng Dịch vụ Hệ sinh thái - Các Phòng ban chức năng,Các Phòng ban chức năng,Nhân viên Quản lý hợp tác đối tác
trungth@vnpay.vn,Phòng Dịch vụ Hệ sinh thái - Các Phòng ban chức năng,Các Phòng ban chức năng,Chuyên viên Quản lý đối tác
hungdv1@vnpay.vn,Phòng Quản lý sản phẩm 1,Trung tâm Quản lý sản phẩm,Nhân viên Quản lý sản phẩm
dungnn@vnpay.vn,Phòng Dịch vụ Hệ sinh thái - Các Phòng ban chức năng,Các Phòng ban chức năng,Phó phòng Dịch vụ hệ sinh thái
diepvtb@vnpay.vn,Phòng Dịch vụ Hệ sinh thái - Các Phòng ban chức năng,Các Phòng ban chức năng,Nhân viên Quản lý hợp tác đối tác
haivk@vnpay.vn,Phòng Dịch vụ Hệ sinh thái - Các Phòng ban chức năng,Các Phòng ban chức năng,Nhân viên Quản lý hợp tác đối tác
duongpm@vnpay.vn,Phòng Dịch vụ Hệ sinh thái - Các Phòng ban chức năng,Các Phòng ban chức năng,Trưởng phòng Dịch vụ hệ sinh thái
linhnt10@vnpay.vn,Phòng Dịch vụ Hệ sinh thái - Các Phòng ban chức năng,Các Phòng ban chức năng,Nhân viên Quản lý hợp tác đối tác
linhnt11@vnpay.vn,Phòng Dịch vụ Hệ sinh thái - Các Phòng ban chức năng,Các Phòng ban chức năng,Chuyên viên Quản lý đối tác
nguyennt@vnpay.vn,Phòng Dịch vụ Hệ sinh thái - Các Phòng ban chức năng,Các Phòng ban chức năng,Trưởng Nhóm Dịch vụ Vui chơi giải trí
tuanph@vnpay.vn,Phòng Quản lý sản phẩm 1,Trung tâm Quản lý sản phẩm,Nhân viên Quản lý sản phẩm
minhttk@vnpay.vn,Phòng Dịch vụ Hệ sinh thái - Các Phòng ban chức năng,Các Phòng ban chức năng,Nhân viên Quản lý hợp tác đối tác
trangdt@vnpay.vn,Phòng Dịch vụ Hệ sinh thái - Các Phòng ban chức năng,Các Phòng ban chức năng,Trưởng nhóm Triển khai và Hỗ trợ dịch vụ
tunn2@vnpay.vn,Phòng Dịch vụ Hệ sinh thái - Các Phòng ban chức năng,Các Phòng ban chức năng,Nhân viên Triển khai và Hỗ trợ dịch vụ
anhdt10@vnpay.vn,Phòng Dịch vụ Hệ sinh thái - Các Phòng ban chức năng,Các Phòng ban chức năng,Nhân viên Triển khai và Hỗ trợ dịch vụ
hungtd2@vnpay.vn,Phòng Dịch vụ Hệ sinh thái - Các Phòng ban chức năng,Các Phòng ban chức năng,Nhân viên Triển khai và Hỗ trợ dịch vụ
datnt18@vnpay.vn,Phòng Dịch vụ Hệ sinh thái - Các Phòng ban chức năng,Các Phòng ban chức năng,Nhân viên Triển khai và Hỗ trợ dịch vụ
linhny@vnpay.vn,Phòng Dịch vụ Hệ sinh thái - Các Phòng ban chức năng,Các Phòng ban chức năng,Nhân viên Triển khai và Hỗ trợ dịch vụ
hanmn@vnpay.vn,Phòng Dịch vụ Hệ sinh thái - Các Phòng ban chức năng,Các Phòng ban chức năng,Nhân viên Triển khai và Hỗ trợ dịch vụ
ngochxt@vnpay.vn,Phòng Dịch vụ Hệ sinh thái - Các Phòng ban chức năng,Các Phòng ban chức năng,Nhân viên Quản lý hợp tác đối tác
quanlm@vnpay.vn,Phòng Dịch vụ Hệ sinh thái - Các Phòng ban chức năng,Các Phòng ban chức năng,Nhân viên Triển khai và Hỗ trợ dịch vụ
anhtc2@vnpay.vn,Phòng Quản trị dự án,Trung tâm Quản lý sản phẩm,Nhân viên Quản trị dự án
vuonglv@vnpay.vn,Phòng Dịch vụ Hệ sinh thái - Các Phòng ban chức năng,Các Phòng ban chức năng,Nhân viên Triển khai và Hỗ trợ dịch vụ
anhdg@vnpay.vn,Trung tâm Quản lý Sản phẩm - Phòng Phân tích và Phát triển Kinh doanh,Trung tâm Quản lý sản phẩm,Nhân viên Phân tích dữ liệu
huynm@vnpay.vn,Trung tâm Quản lý Sản phẩm - Phòng Phân tích và Phát triển Kinh doanh,Trung tâm Quản lý sản phẩm,Nhân viên Phân tích dữ liệu
dungnt13@vnpay.vn,Trung tâm Quản lý Sản phẩm - Phòng Phân tích và Phát triển Kinh doanh,Trung tâm Quản lý sản phẩm,Nhân viên Phân tích dữ liệu
hoannq@vnpay.vn,Trung tâm Quản lý Sản phẩm - Phòng Phân tích và Phát triển Kinh doanh,Trung tâm Quản lý sản phẩm,Nhân viên Vận hành sản phẩm dữ liệu
dongnv2@vnpay.vn,Trung tâm Quản lý Sản phẩm - Phòng Phân tích và Phát triển Kinh doanh,Trung tâm Quản lý sản phẩm,Nhân viên Phân tích dữ liệu
thanhvtn@vnpay.vn,Trung tâm Quản lý Sản phẩm - Phòng Phân tích và Phát triển Kinh doanh,Trung tâm Quản lý sản phẩm,Nhân viên Phân tích dữ liệu
linhnd@vnpay.vn,Trung tâm Quản lý Sản phẩm - Phòng Phân tích và Phát triển Kinh doanh,Trung tâm Quản lý sản phẩm,Trưởng nhóm Triển khai sản phẩm dữ liệu
thuttn@vnpay.vn,Trung tâm Quản lý Sản phẩm - Phòng Phân tích và Phát triển Kinh doanh,Trung tâm Quản lý sản phẩm,Phó phòng Phân tích và phát triển Sản phẩm
quynhpt2@vnpay.vn,Trung tâm Quản lý Sản phẩm - Phòng Phân tích và Phát triển Kinh doanh,Trung tâm Quản lý sản phẩm,Nhân viên phát triển sản phẩm dữ liệu
longnd5@vnpay.vn,Trung tâm Quản lý Sản phẩm - Phòng Phân tích và Phát triển Kinh doanh,Trung tâm Quản lý sản phẩm,Nhân viên Phân tích dữ liệu
trangnth5@vnpay.vn,Trung tâm Quản lý Sản phẩm - Phòng Phân tích và Phát triển Kinh doanh,Trung tâm Quản lý sản phẩm,Chuyên viên Phân tích dữ liệu
linhtm1@vnpay.vn,Trung tâm Quản lý Sản phẩm - Phòng Phân tích và Phát triển Kinh doanh,Trung tâm Quản lý sản phẩm,Trưởng nhóm Phân tích dữ liệu
tuannd4@vnpay.vn,Trung tâm Quản lý Sản phẩm - Phòng Phân tích và Phát triển Kinh doanh,Trung tâm Quản lý sản phẩm,Nhân viên Vận hành sản phẩm dữ liệu
lynth@vnpay.vn,Trung tâm Quản lý Sản phẩm - Phòng Phân tích và Phát triển Kinh doanh,Trung tâm Quản lý sản phẩm,Nhân viên Phân tích dữ liệu
thaoht5@vnpay.vn,Trung tâm Quản lý Sản phẩm - Phòng Phân tích và Phát triển Kinh doanh,Trung tâm Quản lý sản phẩm,Nhân viên Phân tích dữ liệu
hangtt@vnpay.vn,Phòng Kiểm thử phần mềm,Trung tâm Quản lý sản phẩm,Trưởng nhóm Kiểm thử
ducnc@vnpay.vn,Phòng Kiểm thử phần mềm,Trung tâm Quản lý sản phẩm,Trưởng nhóm Kiểm thử
hiennt@vnpay.vn,Phòng Kiểm thử phần mềm,Trung tâm Quản lý sản phẩm,Trưởng nhóm Kiểm thử
minhtt@vnpay.vn,Ban Điều hành,Trung tâm Quản lý sản phẩm,Phó Giám đốc phụ trách Trung tâm
longlv@vnpay.vn,Phòng Quản lý sản phẩm 1,Trung tâm Quản lý sản phẩm,Phó giám đốc Trung tâm kiêm Trưởng phòng Quản lý sản phẩm 1
anhdtl@vnpay.vn,Phòng Kiểm thử phần mềm,Trung tâm Quản lý sản phẩm,Trưởng nhóm Kiểm thử
tamht@vnpay.vn,Phòng Quản lý sản phẩm 1,Trung tâm Quản lý sản phẩm,Trưởng nhóm Quản lý sản phẩm
nguyettt@vnpay.vn,Phòng Kiểm thử phần mềm,Trung tâm Quản lý sản phẩm,Trưởng phòng Kiểm thử phần mềm
anhctv@vnpay.vn,Phòng Quản lý sản phẩm 1,Trung tâm Quản lý sản phẩm,Trưởng nhóm Quản lý sản phẩm
hoactt@vnpay.vn,Phòng Quản lý sản phẩm 1,Trung tâm Quản lý sản phẩm,Trưởng nhóm Quản lý sản phẩm
hongnt1@vnpay.vn,Phòng Kiểm thử phần mềm,Trung tâm Quản lý sản phẩm,Phó phòng Kiểm thử phần mềm
ngocvtb1@vnpay.vn,Phòng Kiểm thử phần mềm,Trung tâm Quản lý sản phẩm,Trưởng nhóm Kiểm thử
thodp@vnpay.vn,Phòng Quản lý sản phẩm 1,Trung tâm Quản lý sản phẩm,Phó phòng Quản lý sản phẩm
leqt@vnpay.vn,Phòng Quản lý sản phẩm 1,Trung tâm Quản lý sản phẩm,Trưởng nhóm Quản lý sản phẩm
huedt1@vnpay.vn,Phòng Kiểm thử phần mềm,Trung tâm Quản lý sản phẩm,Nhân viên Kiểm thử
manhdv@vnpay.vn,Phòng Kiểm thử phần mềm,Trung tâm Quản lý sản phẩm,Nhân viên Kiểm thử
huydh@vnpay.vn,Phòng Quản lý sản phẩm 1,Trung tâm Quản lý sản phẩm,Trưởng nhóm Quản lý sản phẩm
hoanth@vnpay.vn,Phòng Kiểm thử phần mềm,Trung tâm Quản lý sản phẩm,Trưởng nhóm Kiểm thử
tuanvn1@vnpay.vn,Phòng Quản lý sản phẩm 1,Trung tâm Quản lý sản phẩm,Nhân viên Quản lý sản phẩm
nhungnt4@vnpay.vn,Phòng Kiểm thử phần mềm,Trung tâm Quản lý sản phẩm,Nhân viên Kiểm thử
huedt3@vnpay.vn,Phòng Kiểm thử phần mềm,Trung tâm Quản lý sản phẩm,Nhân viên Kiểm thử
huentm@vnpay.vn,Phòng Kiểm thử phần mềm,Trung tâm Quản lý sản phẩm,Nhân viên Kiểm thử
congdt@vnpay.vn,Phòng Kiểm thử phần mềm,Trung tâm Quản lý sản phẩm,Nhân viên Kiểm thử
phuongnt6@vnpay.vn,Phòng Kiểm thử phần mềm,Trung tâm Quản lý sản phẩm,Chuyên viên Kiểm thử
tramvtb@vnpay.vn,Phòng Kiểm thử phần mềm,Trung tâm Quản lý sản phẩm,Chuyên viên Kiểm thử
hamt@vnpay.vn,Phòng Kiểm thử phần mềm,Trung tâm Quản lý sản phẩm,Chuyên viên Kiểm thử
vietnn@vnpay.vn,Phòng Kiểm thử phần mềm,Trung tâm Quản lý sản phẩm,Nhân viên Kiểm thử
tuanha8@vnpay.vn,Phòng Kiểm thử phần mềm,Trung tâm Quản lý sản phẩm,Nhân viên Kiểm thử
yenvt@vnpay.vn,Phòng Kiểm thử phần mềm,Trung tâm Quản lý sản phẩm,Nhân viên Kiểm thử
lylth@vnpay.vn,Phòng Kiểm thử phần mềm,Trung tâm Quản lý sản phẩm,Chuyên viên Kiểm thử
phuongttm1@vnpay.vn,Phòng Kiểm thử phần mềm,Trung tâm Quản lý sản phẩm,Chuyên viên Kiểm thử
handtn1@vnpay.vn,Phòng Quản lý sản phẩm 1,Trung tâm Quản lý sản phẩm,Nhân viên Quản lý sản phẩm
locnh@vnpay.vn,Phòng Kiểm thử phần mềm,Trung tâm Quản lý sản phẩm,Chuyên viên Kiểm thử
trangnh2@vnpay.vn,Phòng Quản lý sản phẩm 1,Trung tâm Quản lý sản phẩm,Nhân viên Quản lý sản phẩm
hieppt@vnpay.vn,Phòng Quản lý sản phẩm 1,Trung tâm Quản lý sản phẩm,Nhân viên Quản lý sản phẩm
haltt1@vnpay.vn,Phòng Kiểm thử phần mềm,Trung tâm Quản lý sản phẩm,Trưởng nhóm Kiểm thử
nhapt@vnpay.vn,Phòng Quản lý sản phẩm 1,Trung tâm Quản lý sản phẩm,Nhân viên Quản lý sản phẩm
vietlt@vnpay.vn,Phòng Quản lý sản phẩm 1,Trung tâm Quản lý sản phẩm,Nhân viên Quản lý sản phẩm
ngannk@vnpay.vn,Phòng Kiểm thử phần mềm,Trung tâm Quản lý sản phẩm,Nhân viên Kiểm thử
hongnt3@vnpay.vn,Phòng Kiểm thử phần mềm,Trung tâm Quản lý sản phẩm,Nhân viên Kiểm thử
thaopp2@vnpay.vn,Phòng Kiểm thử phần mềm,Trung tâm Quản lý sản phẩm,Chuyên viên Kiểm thử
lienttm@vnpay.vn,Phòng Quản lý sản phẩm 1,Trung tâm Quản lý sản phẩm,Nhân viên Quản lý sản phẩm
honglt@vnpay.vn,Phòng Quản lý sản phẩm 1,Trung tâm Quản lý sản phẩm,Nhân viên Quản lý sản phẩm
thanhtt1@vnpay.vn,Phòng Kiểm thử phần mềm,Trung tâm Quản lý sản phẩm,Nhân viên Kiểm thử
haivt@vnpay.vn,Phòng Kiểm thử phần mềm,Trung tâm Quản lý sản phẩm,Chuyên viên Kiểm thử
yenttk@vnpay.vn,Phòng Kiểm thử phần mềm,Trung tâm Quản lý sản phẩm,Chuyên viên Kiểm thử
hoangcv@vnpay.vn,Phòng Kiểm thử phần mềm,Trung tâm Quản lý sản phẩm,Nhân viên Kiểm thử
linhhd1@vnpay.vn,Phòng Quản lý sản phẩm 1,Trung tâm Quản lý sản phẩm,Nhân viên Quản lý sản phẩm
thaodtm@vnpay.vn,Phòng Kiểm thử phần mềm,Trung tâm Quản lý sản phẩm,Nhân viên Kiểm thử
huongnt6@vnpay.vn,Phòng Quản lý sản phẩm 1,Trung tâm Quản lý sản phẩm,Trưởng nhóm Quản lý sản phẩm
loanttk@vnpay.vn,Phòng Kiểm thử phần mềm,Trung tâm Quản lý sản phẩm,Nhân viên Kiểm thử
maintn@vnpay.vn,Phòng Quản lý sản phẩm 1,Trung tâm Quản lý sản phẩm,Nhân viên Quản lý sản phẩm
phuongnt4@vnpay.vn,Phòng Kiểm thử phần mềm,Trung tâm Quản lý sản phẩm,Chuyên viên Kiểm thử
linhtt2@vnpay.vn,Phòng Kiểm thử phần mềm,Trung tâm Quản lý sản phẩm,Chuyên viên Kiểm thử
lampt@vnpay.vn,Phòng Quản lý sản phẩm 1,Trung tâm Quản lý sản phẩm,Phó phòng Quản lý sản phẩm
phuongll@vnpay.vn,Phòng Quản lý sản phẩm 1,Trung tâm Quản lý sản phẩm,Trưởng nhóm Quản lý sản phẩm
nguyetnt@vnpay.vn,Phòng Kiểm thử phần mềm,Trung tâm Quản lý sản phẩm,Trưởng nhóm Kiểm thử
trangdtk@vnpay.vn,Phòng Quản lý sản phẩm 1,Trung tâm Quản lý sản phẩm,Nhân viên Quản lý sản phẩm
thaiph@vnpay.vn,Phòng Quản lý sản phẩm 1,Trung tâm Quản lý sản phẩm,Nhân viên Quản lý sản phẩm
trungnd2@vnpay.vn,Phòng Quản lý sản phẩm 1,Trung tâm Quản lý sản phẩm,Trưởng nhóm Quản lý sản phẩm
linhpp1@vnpay.vn,Phòng Quản lý sản phẩm 1,Trung tâm Quản lý sản phẩm,Nhân viên Quản lý sản phẩm
hangnt12@vnpay.vn,Phòng Quản lý sản phẩm 1,Trung tâm Quản lý sản phẩm,Nhân viên Quản lý sản phẩm
anhnk3@vnpay.vn,Phòng Kiểm thử phần mềm,Trung tâm Quản lý sản phẩm,Chuyên viên Kiểm thử
sonnt4@vnpay.vn,Phòng Kiểm thử phần mềm,Trung tâm Quản lý sản phẩm,Nhân viên Kiểm thử
vintt@vnpay.vn,Phòng Kiểm thử phần mềm,Trung tâm Quản lý sản phẩm,Phó phòng Kiểm thử phần mềm
danltt@vnpay.vn,Phòng Kiểm thử phần mềm,Trung tâm Quản lý sản phẩm,Chuyên viên Kiểm thử
ngatnt@vnpay.vn,Phòng Kiểm thử phần mềm,Trung tâm Quản lý sản phẩm,Trưởng nhóm Kiểm thử
tranglk@vnpay.vn,Phòng Kiểm thử phần mềm,Trung tâm Quản lý sản phẩm,Trưởng nhóm Kiểm thử
nhungdh@vnpay.vn,Phòng Quản lý sản phẩm 1,Trung tâm Quản lý sản phẩm,Nhân viên Quản lý sản phẩm
thaontp5@vnpay.vn,Phòng Kiểm thử phần mềm,Trung tâm Quản lý sản phẩm,Nhân viên Kiểm thử
dungdt3@vnpay.vn,Phòng Kiểm thử phần mềm,Trung tâm Quản lý sản phẩm,Nhân viên Kiểm thử
hoant6@vnpay.vn,Phòng Kiểm thử phần mềm,Trung tâm Quản lý sản phẩm,Nhân viên Kiểm thử
anhltl@vnpay.vn,Phòng Kiểm thử phần mềm,Trung tâm Quản lý sản phẩm,Nhân viên Kiểm thử
phucnt@vnpay.vn,Phòng Quản lý sản phẩm 1,Trung tâm Quản lý sản phẩm,Trưởng nhóm Quản lý sản phẩm
giangtt@vnpay.vn,Phòng Kiểm thử phần mềm,Trung tâm Quản lý sản phẩm,Chuyên viên Kiểm thử
hoant1@vnpay.vn,Phòng Kiểm thử phần mềm,Trung tâm Quản lý sản phẩm,Chuyên viên Kiểm thử
linhdtt@vnpay.vn,Phòng Kiểm thử phần mềm,Trung tâm Quản lý sản phẩm,Nhân viên Kiểm thử
thuongnth1@vnpay.vn,Phòng Quản lý sản phẩm 1,Trung tâm Quản lý sản phẩm,Nhân viên Quản lý sản phẩm
hiephm@vnpay.vn,Phòng Quản lý sản phẩm 1,Trung tâm Quản lý sản phẩm,Trưởng nhóm Quản lý sản phẩm
huyendtn@vnpay.vn,Phòng Kiểm thử phần mềm,Trung tâm Quản lý sản phẩm,Nhân viên Kiểm thử
thaont1@vnpay.vn,Phòng Kiểm thử phần mềm,Trung tâm Quản lý sản phẩm,Chuyên viên Kiểm thử
huongnm@vnpay.vn,Phòng Kiểm thử phần mềm,Trung tâm Quản lý sản phẩm,Nhân viên Kiểm thử
duyenmt@vnpay.vn,Phòng Kiểm thử phần mềm,Trung tâm Quản lý sản phẩm,Nhân viên Kiểm thử
khanhhm@vnpay.vn,Phòng Quản lý sản phẩm 1,Trung tâm Quản lý sản phẩm,Nhân viên Quản lý sản phẩm
chittl@vnpay.vn,Phòng Kiểm thử phần mềm,Trung tâm Quản lý sản phẩm,Chuyên viên Kiểm thử
tamnt3@vnpay.vn,Phòng Quản lý sản phẩm 1,Trung tâm Quản lý sản phẩm,Trưởng nhóm Quản lý sản phẩm
luongnt1@vnpay.vn,Phòng Kiểm thử phần mềm,Trung tâm Quản lý sản phẩm,Nhân viên Kiểm thử
manhpd@vnpay.vn,Phòng Kiểm thử phần mềm,Trung tâm Quản lý sản phẩm,Nhân viên Kiểm thử
phivq@vnpay.vn,Phòng Kiểm thử phần mềm,Trung tâm Quản lý sản phẩm,Nhân viên Kiểm thử
maihtn@vnpay.vn,Phòng Kiểm thử phần mềm,Trung tâm Quản lý sản phẩm,Chuyên viên Kiểm thử
quynhttn1@vnpay.vn,Phòng Kiểm thử phần mềm,Trung tâm Quản lý sản phẩm,Nhân viên Kiểm thử
hienntt5@vnpay.vn,Phòng Quản lý sản phẩm 1,Trung tâm Quản lý sản phẩm,Nhân viên Quản lý sản phẩm
hauvth@vnpay.vn,Phòng Kiểm thử phần mềm,Trung tâm Quản lý sản phẩm,Nhân viên Kiểm thử
tuyentt@vnpay.vn,Phòng Kiểm thử phần mềm,Trung tâm Quản lý sản phẩm,Trưởng nhóm Kiểm thử
tranglth@vnpay.vn,Phòng Kiểm thử phần mềm,Trung tâm Quản lý sản phẩm,Chuyên viên Kiểm thử
maivtt@vnpay.vn,Phòng Kiểm thử phần mềm,Trung tâm Quản lý sản phẩm,Nhân viên Kiểm thử
hoangnh1@vnpay.vn,Phòng Quản lý sản phẩm 1,Trung tâm Quản lý sản phẩm,Nhân viên Quản lý sản phẩm
dungdtl@vnpay.vn,Phòng Quản lý sản phẩm 1,Trung tâm Quản lý sản phẩm,Nhân viên Quản lý sản phẩm
huent@vnpay.vn,Phòng Kiểm thử phần mềm,Trung tâm Quản lý sản phẩm,Nhân viên Kiểm thử
maidtt2@vnpay.vn,Phòng Kiểm thử phần mềm,Trung tâm Quản lý sản phẩm,Nhân viên Kiểm thử
thudm2@vnpay.vn,Phòng Quản lý sản phẩm 1,Trung tâm Quản lý sản phẩm,Nhân viên Quản lý sản phẩm
lanpt@vnpay.vn,Phòng Kiểm thử phần mềm,Trung tâm Quản lý sản phẩm,Nhân viên Kiểm thử
huyenbtt1@vnpay.vn,Phòng Quản lý sản phẩm 1,Trung tâm Quản lý sản phẩm,Nhân viên Quản lý sản phẩm
anhbtv1@vnpay.vn,Phòng Kiểm thử phần mềm,Trung tâm Quản lý sản phẩm,Nhân viên Kiểm thử
lyltl@vnpay.vn,Phòng Kiểm thử phần mềm,Trung tâm Quản lý sản phẩm,Chuyên viên Kiểm thử
theta@vnpay.vn,Phòng Kiểm thử phần mềm,Trung tâm Quản lý sản phẩm,Chuyên viên Kiểm thử
hadt5@vnpay.vn,Phòng Kiểm thử phần mềm,Trung tâm Quản lý sản phẩm,Chuyên viên Kiểm thử
huyenltt2@vnpay.vn,Phòng Kiểm thử phần mềm,Trung tâm Quản lý sản phẩm,Nhân viên Kiểm thử
huyenntt4@vnpay.vn,Phòng Quản lý sản phẩm 1,Trung tâm Quản lý sản phẩm,Nhân viên Quản lý sản phẩm
lamlq1@vnpay.vn,Phòng Kiểm thử phần mềm,Trung tâm Quản lý sản phẩm,Chuyên viên Kiểm thử
huept@vnpay.vn,Phòng Kiểm thử phần mềm,Trung tâm Quản lý sản phẩm,Chuyên viên Kiểm thử
loanpt@vnpay.vn,Phòng Kiểm thử phần mềm,Trung tâm Quản lý sản phẩm,Nhân viên Kiểm thử
ducnth@vnpay.vn,Phòng Kiểm thử phần mềm,Trung tâm Quản lý sản phẩm,Nhân viên Kiểm thử
huyhn1@vnpay.vn,Phòng Quản lý sản phẩm 1,Trung tâm Quản lý sản phẩm,Nhân viên Quản lý sản phẩm
chibtl@vnpay.vn,Phòng Kiểm thử phần mềm,Trung tâm Quản lý sản phẩm,Nhân viên Kiểm thử
lyptt@vnpay.vn,Phòng Kiểm thử phần mềm,Trung tâm Quản lý sản phẩm,Nhân viên Kiểm thử
tinhnt@vnpay.vn,Phòng Kiểm thử phần mềm,Trung tâm Quản lý sản phẩm,Nhân viên Kiểm thử
minhnt2@vnpay.vn,Phòng Kiểm thử phần mềm,Trung tâm Quản lý sản phẩm,Nhân viên Kiểm thử
chinl1@vnpay.vn,Phòng Quản lý sản phẩm 1,Trung tâm Quản lý sản phẩm,Nhân viên Quản lý sản phẩm
tungn@vnpay.vn,Phòng Thiết kế - Trung tâm Quản lý sản phẩm,Trung tâm Quản lý sản phẩm,Chuyên viên Thiết kế UI/UX
anhdtm@vnpay.vn,Phòng Thiết kế - Trung tâm Quản lý sản phẩm,Trung tâm Quản lý sản phẩm,Nhân viên Thiết kế UI/UX
minhph@vnpay.vn,Phòng Kiểm thử phần mềm,Trung tâm Quản lý sản phẩm,Nhân viên Kiểm thử
quynhvt@vnpay.vn,Phòng Kiểm thử phần mềm,Trung tâm Quản lý sản phẩm,Nhân viên Kiểm thử
thaocy@vnpay.vn,Phòng Quản lý sản phẩm 1,Trung tâm Quản lý sản phẩm,Nhân viên Quản lý sản phẩm
nhungnth8@vnpay.vn,Phòng Quản lý sản phẩm 1,Trung tâm Quản lý sản phẩm,Nhân viên Quản lý sản phẩm
khanhpt@vnpay.vn,Phòng Quản lý sản phẩm 1,Trung tâm Quản lý sản phẩm,Nhân viên Quản lý sản phẩm
hangbt1@vnpay.vn,Phòng Kiểm thử phần mềm,Trung tâm Quản lý sản phẩm,Nhân viên Kiểm thử
tungnt2@vnpay.vn,Phòng Thiết kế - Trung tâm Quản lý sản phẩm,Trung tâm Quản lý sản phẩm,Trưởng nhóm Web
giapnh@vnpay.vn,Phòng Thiết kế - Trung tâm Quản lý sản phẩm,Trung tâm Quản lý sản phẩm,Chuyên viên Lập trình HTML
thaopt@vnpay.vn,Phòng Kiểm thử phần mềm,Trung tâm Quản lý sản phẩm,Nhân viên Kiểm thử
thamct@vnpay.vn,Phòng Kiểm thử phần mềm,Trung tâm Quản lý sản phẩm,Nhân viên Kiểm thử
thoaltk@vnpay.vn,Phòng Quản lý sản phẩm 1,Trung tâm Quản lý sản phẩm,Nhân viên Quản lý sản phẩm
thanhctl1@vnpay.vn,Phòng Kiểm thử phần mềm,Trung tâm Quản lý sản phẩm,Nhân viên Kiểm thử
tuanhm5@vnpay.vn,Phòng Quản lý sản phẩm 1,Trung tâm Quản lý sản phẩm,Nhân viên Quản lý sản phẩm
dattn@vnpay.vn,Phòng Kiểm thử phần mềm,Trung tâm Quản lý sản phẩm,Nhân viên Kiểm thử
giangnth5@vnpay.vn,Phòng Quản lý sản phẩm 1,Trung tâm Quản lý sản phẩm,Nhân viên Quản lý sản phẩm
baodlt@vnpay.vn,Phòng Quản lý sản phẩm 1,Trung tâm Quản lý sản phẩm,Nhân viên Quản lý sản phẩm
duynl@vnpay.vn,Phòng Thiết kế - Trung tâm Quản lý sản phẩm,Trung tâm Quản lý sản phẩm,Nhân viên Thiết kế UI/UX
ngocntk@vnpay.vn,Phòng Thiết kế - Trung tâm Quản lý sản phẩm,Trung tâm Quản lý sản phẩm,Chuyên viên Vẽ minh hoạ
annt4@vnpay.vn,Phòng Quản lý sản phẩm 1,Trung tâm Quản lý sản phẩm,Nhân viên Quản lý sản phẩm
hangtt4@vnpay.vn,Phòng Kiểm thử phần mềm,Trung tâm Quản lý sản phẩm,Nhân viên Kiểm thử
huongnt9@vnpay.vn,Phòng Quản lý sản phẩm 1,Trung tâm Quản lý sản phẩm,Nhân viên Quản lý sản phẩm
trangnth6@vnpay.vn,Phòng Quản lý sản phẩm 1,Trung tâm Quản lý sản phẩm,Nhân viên Quản lý sản phẩm
nhuntq1@vnpay.vn,Phòng Kiểm thử phần mềm,Trung tâm Quản lý sản phẩm,Nhân viên Kiểm thử
tamnt6@vnpay.vn,Phòng Kiểm thử phần mềm,Trung tâm Quản lý sản phẩm,Nhân viên Kiểm thử
huemt@vnpay.vn,Phòng Kiểm thử phần mềm,Trung tâm Quản lý sản phẩm,Nhân viên Kiểm thử
nhungnth3@vnpay.vn,Phòng Thiết kế - Trung tâm Quản lý sản phẩm,Trung tâm Quản lý sản phẩm,Chuyên viên Đồ hoạ chuyển động
dattt2@vnpay.vn,Phòng Thiết kế - Trung tâm Quản lý sản phẩm,Trung tâm Quản lý sản phẩm,Nhân viên Thiết kế UI/UX
tuct@vnpay.vn,Phòng Kiểm thử phần mềm,Trung tâm Quản lý sản phẩm,Nhân viên Kiểm thử
suongtt@vnpay.vn,Phòng Kiểm thử phần mềm,Trung tâm Quản lý sản phẩm,Nhân viên Kiểm thử
huongpt3@vnpay.vn,Phòng Quản lý sản phẩm 1,Trung tâm Quản lý sản phẩm,Nhân viên Quản lý sản phẩm
trantt@vnpay.vn,Phòng Quản lý sản phẩm 1,Trung tâm Quản lý sản phẩm,Nhân viên Quản lý sản phẩm
nhungpth6@vnpay.vn,Phòng Kiểm thử phần mềm,Trung tâm Quản lý sản phẩm,Nhân viên Kiểm thử
hanm@vnpay.vn,Phòng Quản trị dự án,Trung tâm Quản lý sản phẩm,Phó phòng Quản trị dự án
thienha@vnpay.vn,Phòng Thiết kế - Trung tâm Quản lý sản phẩm,Trung tâm Quản lý sản phẩm,Trưởng phòng Thiết kế
thanhnt13@vnpay.vn,Phòng Kiểm thử phần mềm,Trung tâm Quản lý sản phẩm,Nhân viên Kiểm thử
phongpd@vnpay.vn,Phòng Thiết kế - Trung tâm Quản lý sản phẩm,Trung tâm Quản lý sản phẩm,Chuyên viên Thiết kế UI/UX
hoadt@vnpay.vn,Phòng Thiết kế - Trung tâm Quản lý sản phẩm,Trung tâm Quản lý sản phẩm,Nhân viên Thiết kế UI/UX
nhihhy1@vnpay.vn,Phòng Kiểm thử phần mềm,Trung tâm Quản lý sản phẩm,Nhân viên Kiểm thử
anhhtp@vnpay.vn,Phòng Kiểm thử phần mềm,Trung tâm Quản lý sản phẩm,Nhân viên Kiểm thử
liennt@vnpay.vn,Phòng Kiểm thử phần mềm,Trung tâm Quản lý sản phẩm,Nhân viên Kiểm thử
nhungpth4@vnpay.vn,Phòng Quản lý sản phẩm 1,Trung tâm Quản lý sản phẩm,Nhân viên Quản lý sản phẩm
hoantt4@vnpay.vn,Phòng Kiểm thử phần mềm,Trung tâm Quản lý sản phẩm,Nhân viên Kiểm thử
quynhtn@vnpay.vn,Phòng Thiết kế - Trung tâm Quản lý sản phẩm,Trung tâm Quản lý sản phẩm,Phó phòng Thiết kế
huent5@vnpay.vn,Phòng Kiểm thử phần mềm,Trung tâm Quản lý sản phẩm,Nhân viên Kiểm thử
uyenntt1@vnpay.vn,Phòng Thiết kế - Trung tâm Quản lý sản phẩm,Trung tâm Quản lý sản phẩm,Nhân viên Thiết kế UI/UX
maiptn@vnpay.vn,Phòng Thiết kế - Trung tâm Quản lý sản phẩm,Trung tâm Quản lý sản phẩm,Nhân viên Thiết kế Web
vinhnp@vnpay.vn,Phòng Quản lý sản phẩm 1,Trung tâm Quản lý sản phẩm,Nhân viên Quản lý sản phẩm
tungbt1@vnpay.vn,Phòng Kiểm thử phần mềm,Trung tâm Quản lý sản phẩm,Nhân viên Kiểm thử
hangnt15@vnpay.vn,Phòng Kiểm thử phần mềm,Trung tâm Quản lý sản phẩm,Nhân viên Kiểm thử
huyennbk@vnpay.vn,Phòng Quản lý sản phẩm 1,Trung tâm Quản lý sản phẩm,Nhân viên Quản lý sản phẩm
hoanntt@vnpay.vn,Phòng Kiểm thử phần mềm,Trung tâm Quản lý sản phẩm,Nhân viên Kiểm thử
linhth1@vnpay.vn,Phòng Quản lý sản phẩm 1,Trung tâm Quản lý sản phẩm,Nhân viên Quản lý sản phẩm
hieunh@vnpay.vn,Phòng Thiết kế - Trung tâm Quản lý sản phẩm,Trung tâm Quản lý sản phẩm,Trưởng nhóm Thiết kế Mobile UI/UX
trangnth8@vnpay.vn,Phòng Quản lý sản phẩm 1,Trung tâm Quản lý sản phẩm,Nhân viên Quản lý sản phẩm
longnq@vnpay.vn,Phòng Thiết kế - Trung tâm Quản lý sản phẩm,Trung tâm Quản lý sản phẩm,Trưởng nhóm Thiết kế Mobile UI/UX
huongtl1@vnpay.vn,Phòng Thiết kế - Trung tâm Quản lý sản phẩm,Trung tâm Quản lý sản phẩm,Nhân viên Thiết kế UI/UX
haimth@vnpay.vn,Phòng Kiểm thử phần mềm,Trung tâm Quản lý sản phẩm,Nhân viên Kiểm thử
minhph2@vnpay.vn,Phòng Kiểm thử phần mềm,Trung tâm Quản lý sản phẩm,Nhân viên Kiểm thử
anhttk1@vnpay.vn,Phòng Quản lý sản phẩm 1,Trung tâm Quản lý sản phẩm,Nhân viên Quản lý sản phẩm
nhamnt@vnpay.vn,Phòng Quản lý sản phẩm 1,Trung tâm Quản lý sản phẩm,Nhân viên Quản lý sản phẩm
hungv@vnpay.vn,Phòng Thiết kế - Trung tâm Quản lý sản phẩm,Trung tâm Quản lý sản phẩm,Trưởng nhóm Web
tuyetnt1@vnpay.vn,Phòng Kiểm thử phần mềm,Trung tâm Quản lý sản phẩm,Nhân viên Kiểm thử
thaotlp@vnpay.vn,Phòng Thiết kế - Trung tâm Quản lý sản phẩm,Trung tâm Quản lý sản phẩm,Chuyên viên Thiết kế UI/UX
quanvv@vnpay.vn,Phòng Thiết kế - Trung tâm Quản lý sản phẩm,Trung tâm Quản lý sản phẩm,Chuyên viên Lập trình HTML
hieuhc@vnpay.vn,Phòng Kiểm thử phần mềm,Trung tâm Quản lý sản phẩm,Nhân viên Kiểm thử
phuongqn@vnpay.vn,Phòng Kiểm thử phần mềm,Trung tâm Quản lý sản phẩm,Nhân viên Kiểm thử
anhntk1@vnpay.vn,Phòng Kiểm thử phần mềm,Trung tâm Quản lý sản phẩm,Nhân viên Kiểm thử
hangpt2@vnpay.vn,Phòng Kiểm thử phần mềm,Trung tâm Quản lý sản phẩm,Nhân viên Kiểm thử
quangdd@vnpay.vn,Phòng Quản lý sản phẩm 1,Trung tâm Quản lý sản phẩm,Nhân viên Quản lý sản phẩm
hoank@vnpay.vn,Phòng Quản trị dự án,Trung tâm Quản lý sản phẩm,Nhân viên Quản trị dự án
haonv@vnpay.vn,Phòng Thiết kế - Trung tâm Quản lý sản phẩm,Trung tâm Quản lý sản phẩm,Chuyên viên Lập trình HTML
hoatt2@vnpay.vn,Phòng Kiểm thử phần mềm,Trung tâm Quản lý sản phẩm,Nhân viên Kiểm thử
netnt@vnpay.vn,Phòng Thiết kế - Trung tâm Quản lý sản phẩm,Trung tâm Quản lý sản phẩm,Nhân viên Thiết kế UI/UX
thuongnt3@vnpay.vn,Phòng Thiết kế - Trung tâm Quản lý sản phẩm,Trung tâm Quản lý sản phẩm,Nhân viên Thiết kế UI/UX
lynk2@vnpay.vn,Phòng Thiết kế - Trung tâm Quản lý sản phẩm,Trung tâm Quản lý sản phẩm,Nhân viên Thiết kế UI/UX
ngocnln@vnpay.vn,Phòng Quản lý sản phẩm 1,Trung tâm Quản lý sản phẩm,Nhân viên Quản lý sản phẩm
baopg1@vnpay.vn,Phòng Quản lý sản phẩm 1,Trung tâm Quản lý sản phẩm,Nhân viên Quản lý sản phẩm
dutt@vnpay.vn,Phòng Quản lý sản phẩm 1,Trung tâm Quản lý sản phẩm,Nhân viên Quản lý sản phẩm
binhnp@vnpay.vn,Phòng Kiểm thử phần mềm,Trung tâm Quản lý sản phẩm,Nhân viên Kiểm thử
phuongltl@vnpay.vn,Phòng Quản lý sản phẩm 1,Trung tâm Quản lý sản phẩm,Nhân viên Quản lý sản phẩm
linhnd2@vnpay.vn,Phòng Kiểm thử phần mềm,Trung tâm Quản lý sản phẩm,Nhân viên Kiểm thử
lynh@vnpay.vn,Phòng Kiểm thử phần mềm,Trung tâm Quản lý sản phẩm,Nhân viên Kiểm thử
anhnq5@vnpay.vn,Phòng Thiết kế - Trung tâm Quản lý sản phẩm,Trung tâm Quản lý sản phẩm,Nhân viên Thiết kế UI/UX
minhhn@vnpay.vn,Phòng Thiết kế - Trung tâm Quản lý sản phẩm,Trung tâm Quản lý sản phẩm,Nhân viên Thiết kế UI/UX
ngocln@vnpay.vn,Phòng Thiết kế - Trung tâm Quản lý sản phẩm,Trung tâm Quản lý sản phẩm,Chuyên viên Thiết kế Web
dunglt1@vnpay.vn,Phòng Thiết kế - Trung tâm Quản lý sản phẩm,Trung tâm Quản lý sản phẩm,Nhân viên Thiết kế UI/UX
dungdtk@vnpay.vn,Phòng Quản trị dự án,Trung tâm Quản lý sản phẩm,Phó phòng Quản trị dự án
tuoibt@vnpay.vn,Phòng Quản lý sản phẩm 2,Trung tâm Quản lý sản phẩm,Chuyên viên Quản lý sản phẩm
anhptt@vnpay.vn,Phòng Quản lý sản phẩm 2,Trung tâm Quản lý sản phẩm,Nhân viên Quản lý sản phẩm
linhln3@vnpay.vn,Phòng Thiết kế - Trung tâm Quản lý sản phẩm,Trung tâm Quản lý sản phẩm,Nhân viên Thiết kế UI/UX
phuongdtm@vnpay.vn,Phòng Quản lý sản phẩm 2,Trung tâm Quản lý sản phẩm,Trưởng nhóm Quản lý sản phẩm
dinhnt@vnpay.vn,Phòng Quản lý sản phẩm 2,Trung tâm Quản lý sản phẩm,Chuyên viên Quản lý sản phẩm
hiendt2@vnpay.vn,Phòng Quản lý sản phẩm 2,Trung tâm Quản lý sản phẩm,Nhân viên Quản lý sản phẩm
tuyenhnl@vnpay.vn,Phòng Thiết kế - Trung tâm Quản lý sản phẩm,Trung tâm Quản lý sản phẩm,Nhân viên Thiết kế UI/UX
lapnv@vnpay.vn,Phòng Quản lý sản phẩm 2,Trung tâm Quản lý sản phẩm,Trưởng nhóm Quản lý sản phẩm
minhvn1@vnpay.vn,Phòng Quản lý sản phẩm 2,Trung tâm Quản lý sản phẩm,Chuyên viên Quản lý sản phẩm
trinhtk@vnpay.vn,Phòng Quản lý sản phẩm 2,Trung tâm Quản lý sản phẩm,Nhân viên Quản lý sản phẩm
trangntq1@vnpay.vn,Phòng Thiết kế - Trung tâm Quản lý sản phẩm,Trung tâm Quản lý sản phẩm,Nhân viên Thiết kế UI/UX
hangnt8@vnpay.vn,Phòng Quản lý sản phẩm 2,Trung tâm Quản lý sản phẩm,Trưởng nhóm Quản lý sản phẩm
hanhntm2@vnpay.vn,Phòng Quản lý sản phẩm 2,Trung tâm Quản lý sản phẩm,Chuyên viên Quản lý sản phẩm
linhpp@vnpay.vn,Phòng Quản lý sản phẩm 2,Trung tâm Quản lý sản phẩm,Nhân viên Quản lý sản phẩm
thuydh@vnpay.vn,Phòng Quản trị dự án,Trung tâm Quản lý sản phẩm,Chuyên viên Quản trị dự án
trangntk@vnpay.vn,Phòng Thiết kế - Trung tâm Quản lý sản phẩm,Trung tâm Quản lý sản phẩm,Nhân viên Thiết kế UI/UX
thuytt@vnpay.vn,Phòng Quản lý sản phẩm 2,Trung tâm Quản lý sản phẩm,Trưởng nhóm Quản lý sản phẩm
thuykt@vnpay.vn,Phòng Quản lý sản phẩm 2,Trung tâm Quản lý sản phẩm,Nhân viên Quản lý sản phẩm
chiph@vnpay.vn,Phòng Quản trị dự án,Trung tâm Quản lý sản phẩm,Chuyên viên Quản trị dự án
dungnt12@vnpay.vn,Phòng Thiết kế - Trung tâm Quản lý sản phẩm,Trung tâm Quản lý sản phẩm,Nhân viên vẽ minh họa
tranth@vnpay.vn,Phòng Quản lý sản phẩm 2,Trung tâm Quản lý sản phẩm,Trưởng nhóm Quản lý sản phẩm
hangdtt@vnpay.vn,Phòng Quản lý sản phẩm 2,Trung tâm Quản lý sản phẩm,Nhân viên Quản lý sản phẩm
ngandth@vnpay.vn,Phòng Quản lý sản phẩm 2,Trung tâm Quản lý sản phẩm,Trưởng phòng Quản lý sản phẩm
minhvq@vnpay.vn,Phòng Quản trị dự án,Trung tâm Quản lý sản phẩm,Nhân viên Quản trị dự án
tuttc@vnpay.vn,Phòng Quản lý sản phẩm 2,Trung tâm Quản lý sản phẩm,Trưởng nhóm Quản lý sản phẩm
anhnd13@vnpay.vn,Phòng Thiết kế - Trung tâm Quản lý sản phẩm,Trung tâm Quản lý sản phẩm,Nhân viên Lập trình HTML
duyennt@vnpay.vn,Phòng Quản lý sản phẩm 2,Trung tâm Quản lý sản phẩm,Nhân viên Quản lý sản phẩm
thuyptt3@vnpay.vn,Phòng Quản lý sản phẩm 2,Trung tâm Quản lý sản phẩm,Nhân viên Quản lý sản phẩm
dungtt@vnpay.vn,Phòng Quản lý sản phẩm 2,Trung tâm Quản lý sản phẩm,Phó phòng Quản lý sản phẩm
cuongnt@vnpay.vn,Phòng Quản trị dự án,Trung tâm Quản lý sản phẩm,Trưởng nhóm Quản trị dự án
nguyetbta@vnpay.vn,Phòng Quản lý sản phẩm 2,Trung tâm Quản lý sản phẩm,Nhân viên Quản lý sản phẩm
lytt@vnpay.vn,Phòng Quản lý sản phẩm 2,Trung tâm Quản lý sản phẩm,Phó phòng Quản lý sản phẩm
hanhptm1@vnpay.vn,Phòng Quản lý sản phẩm 2,Trung tâm Quản lý sản phẩm,Nhân viên Quản lý sản phẩm
trangnt@vnpay.vn,Phòng Quản trị dự án,Trung tâm Quản lý sản phẩm,Trưởng nhóm Quản trị dự án
tungnn1@vnpay.vn,Phòng Quản lý sản phẩm 2,Trung tâm Quản lý sản phẩm,Nhân viên Quản lý sản phẩm
nhatvt@vnpay.vn,Phòng Quản lý sản phẩm 2,Trung tâm Quản lý sản phẩm,Nhân viên Quản lý sản phẩm
phuongbk@vnpay.vn,Phòng Quản lý sản phẩm 2,Trung tâm Quản lý sản phẩm,Nhân viên Quản lý sản phẩm
huyenntk1@vnpay.vn,Phòng Quản lý sản phẩm 2,Trung tâm Quản lý sản phẩm,Nhân viên Quản lý sản phẩm
mont@vnpay.vn,Phòng Quản lý sản phẩm 2,Trung tâm Quản lý sản phẩm,Chuyên viên Quản lý sản phẩm
huongnm4@vnpay.vn,Phòng Quản lý sản phẩm 2,Trung tâm Quản lý sản phẩm,Nhân viên Quản lý sản phẩm
mainh@vnpay.vn,Phòng Quản lý sản phẩm 2,Trung tâm Quản lý sản phẩm,Nhân viên Quản lý sản phẩm
linhnp1@vnpay.vn,Phòng Quản lý sản phẩm 2,Trung tâm Quản lý sản phẩm,Nhân viên Quản lý sản phẩm
vandt2@vnpay.vn,Phòng Quản lý sản phẩm 2,Trung tâm Quản lý sản phẩm,Nhân viên Quản lý sản phẩm
trangnt7@vnpay.vn,Phòng Quản lý sản phẩm 2,Trung tâm Quản lý sản phẩm,Nhân viên Quản lý sản phẩm
thaoltp1@vnpay.vn,Phòng Quản lý sản phẩm 2,Trung tâm Quản lý sản phẩm,Nhân viên Quản lý sản phẩm
anhtth1@vnpay.vn,Phòng Quản lý sản phẩm 2,Trung tâm Quản lý sản phẩm,Nhân viên Quản lý sản phẩm
chinhnt2@vnpay.vn,Phòng Quản lý sản phẩm 2,Trung tâm Quản lý sản phẩm,Nhân viên Quản lý sản phẩm
hieunt@vnpay.vn,Phòng Quản trị dự án,Trung tâm Quản lý sản phẩm,Nhân viên Quản trị dự án
anhntm1@vnpay.vn,Phòng Quản lý sản phẩm 2,Trung tâm Quản lý sản phẩm,Nhân viên Quản lý sản phẩm
tannvn@vnpay.vn,Phòng Quản lý sản phẩm 2,Trung tâm Quản lý sản phẩm,Nhân viên Quản lý sản phẩm
anptt@vnpay.vn,Phòng Quản trị dự án,Trung tâm Quản lý sản phẩm,Nhân viên Quản trị dự án
maidn1@vnpay.vn,Phòng Quản trị dự án,Trung tâm Quản lý sản phẩm,Nhân viên Quản trị dự án
longtt1@vnpay.vn,Phòng Quản lý sản phẩm 2,Trung tâm Quản lý sản phẩm,Nhân viên Quản lý sản phẩm
ngoctv1@vnpay.vn,Phòng Quản lý sản phẩm 2,Trung tâm Quản lý sản phẩm,Nhân viên Quản lý sản phẩm
tiendtt2@vnpay.vn,Phòng Quản trị dự án,Trung tâm Quản lý sản phẩm,Nhân viên Quản trị dự án
hangntm1@vnpay.vn,Phòng Quản trị dự án,Trung tâm Quản lý sản phẩm,Nhân viên Quản trị dự án
hapt3@vnpay.vn,Phòng Quản lý sản phẩm 2,Trung tâm Quản lý sản phẩm,Nhân viên Quản lý sản phẩm
nhungnt3@vnpay.vn,Phòng Quản lý sản phẩm 2,Trung tâm Quản lý sản phẩm,Nhân viên Quản lý sản phẩm
hoangdv@vnpay.vn,Phòng Quản trị dự án,Trung tâm Quản lý sản phẩm,Nhân viên Quản trị dự án
linhhp1@vnpay.vn,Phòng Quản trị dự án,Trung tâm Quản lý sản phẩm,Nhân viên Quản trị dự án
anhmtt@vnpay.vn,Phòng Quản lý sản phẩm 2,Trung tâm Quản lý sản phẩm,Nhân viên Quản lý sản phẩm
huongntg@vnpay.vn,Phòng Quản lý sản phẩm 2,Trung tâm Quản lý sản phẩm,Nhân viên Quản lý sản phẩm
trangnh7@vnpay.vn,Phòng Quản trị dự án,Trung tâm Quản lý sản phẩm,Nhân viên Quản trị dự án
nguyettta@vnpay.vn,Phòng Dịch vụ Hệ sinh thái - Các Phòng ban chức năng,Các Phòng ban chức năng,Chuyên viên Quản lý đối tác
tridm1@vnpay.vn,Trung tâm Quản lý Sản phẩm - Phòng Phân tích và Phát triển Kinh doanh,Trung tâm Quản lý sản phẩm,Nhân viên Phân tích dữ liệu
chinh@vnpay.vn,Phòng Quản lý sản phẩm 2,Trung tâm Quản lý sản phẩm,Nhân viên Quản lý sản phẩm
tranglq1@vnpay.vn,Trung tâm Quản lý Sản phẩm - Phòng Phân tích và Phát triển Kinh doanh,Trung tâm Quản lý sản phẩm,Nhân viên phát triển sản phẩm dữ liệu
phuongnm4@vnpay.vn,Phòng Quản lý sản phẩm 2,Trung tâm Quản lý sản phẩm,Nhân viên Quản lý sản phẩm
linhnt17@vnpay.vn,Phòng Quản trị dự án,Trung tâm Quản lý sản phẩm,Nhân viên Quản trị dự án
anhhtp1@vnpay.vn,Phòng Kiểm thử phần mềm,Trung tâm Quản lý sản phẩm,Nhân viên Kiểm thử
phuongna@vnpay.vn,Phòng Thiết kế - Trung tâm Quản lý sản phẩm,Trung tâm Quản lý sản phẩm,Chuyên viên Vẽ minh hoạ
thuypt3@vnpay.vn,Trung tâm Quản lý Sản phẩm - Phòng Phân tích và Phát triển Kinh doanh,Trung tâm Quản lý sản phẩm,Nhân viên Phân tích dữ liệu
linhvlk@vnpay.vn,Phòng Thiết kế - Trung tâm Quản lý sản phẩm,Trung tâm Quản lý sản phẩm,Nhân viên vẽ minh họa
anptb1@vnpay.vn,Phòng Quản trị dự án,Trung tâm Quản lý sản phẩm,Nhân viên Quản trị dự án
hangdm@vnpay.vn,Trung tâm Quản lý Sản phẩm - Phòng Phân tích và Phát triển Kinh doanh,Trung tâm Quản lý sản phẩm,Nhân viên Vận hành sản phẩm dữ liệu
nganvt1@vnpay.vn,Phòng Thiết kế - Trung tâm Quản lý sản phẩm,Trung tâm Quản lý sản phẩm,Chuyên viên Thiết kế UI/UX
huyenth@vnpay.vn,Phòng Quản trị dự án,Trung tâm Quản lý sản phẩm,Nhân viên Quản trị dự án
hapt4@vnpay.vn,Phòng Quản trị dự án,Trung tâm Quản lý sản phẩm,Nhân viên Quản trị dự án
tranglh2@vnpay.vn,Phòng Quản lý sản phẩm 1,Trung tâm Quản lý sản phẩm,Nhân viên Quản lý sản phẩm
ngocdm@vnpay.vn,Phòng Quản lý sản phẩm 1,Trung tâm Quản lý sản phẩm,Nhân viên Quản lý sản phẩm
quypv1@vnpay.vn,Phòng Quản lý sản phẩm 1,Trung tâm Quản lý sản phẩm,Nhân viên Quản lý sản phẩm
trangntk1@vnpay.vn,Phòng Quản lý sản phẩm 1,Trung tâm Quản lý sản phẩm,Nhân viên Quản lý sản phẩm
hoangth1@vnpay.vn,Phòng Quản lý sản phẩm 1,Trung tâm Quản lý sản phẩm,Nhân viên Quản lý sản phẩm
anhntv4@vnpay.vn,Phòng Quản lý sản phẩm 1,Trung tâm Quản lý sản phẩm,Nhân viên Quản lý sản phẩm
tunh1@vnpay.vn,Trung tâm Quản lý Sản phẩm - Phòng Phân tích và Phát triển Kinh doanh,Trung tâm Quản lý sản phẩm,Nhân viên Phân tích dữ liệu
nhungdth1@vnpay.vn,Phòng Kiểm thử phần mềm,Trung tâm Quản lý sản phẩm,Nhân viên Kiểm thử
ductl@vnpay.vn,Phòng Quản lý sản phẩm 1,Trung tâm Quản lý sản phẩm,Nhân viên Quản lý sản phẩm
nhannt5@vnpay.vn,Phòng Quản lý sản phẩm 1,Trung tâm Quản lý sản phẩm,Nhân viên Quản lý sản phẩm
yentth@vnpay.vn,Phòng Quản lý sản phẩm 1,Trung tâm Quản lý sản phẩm,Nhân viên Quản lý sản phẩm
chilq1@vnpay.vn,Phòng Quản lý sản phẩm 2,Trung tâm Quản lý sản phẩm,Nhân viên Quản lý sản phẩm
duonght1@vnpay.vn,Quản lý sản phẩm 2,Trung tâm Quản lý sản phẩm,Nhân viên Quản lý sản phẩm 2
huydq2@vnpay.vn,Phòng Quản trị dự án,Trung tâm Quản lý sản phẩm,Nhân viên Quản trị dự án
dungntp@vnpay.vn,Phòng Quản trị dự án,Trung tâm Quản lý sản phẩm,Nhân viên Quản trị dự án
dinhdc@vnpay.vn,Phòng Thiết kế - Trung tâm Quản lý sản phẩm,Trung tâm Quản lý sản phẩm,Nhân viên Thiết kế Web
