1027,747,Chủ tịch Hội đồng quản trị,1,2025-07-31 09:35:40,2025-07-31 09:35:40
1028,747,Tổng Giám Đốc,1,2025-07-31 09:35:40,2025-08-18 10:05:59
1029,747,Phó Chủ tịch Hội đồng quản trị,1,2025-07-31 09:35:40,2025-07-31 09:35:40
1030,747,Ủy viên Hội đồng quản trị,1,2025-07-31 09:35:40,2025-07-31 09:35:40
1031,747,Phó Tổng Giám đốc,1,2025-07-31 09:35:41,2025-07-31 09:35:41
1032,747,Phó Tổng Giám đốc - Kiêm Giám đốc Khối Công nghệ - Kiêm Giám đốc Trung tâm hạ tầng và An ninh thông tin,1,2025-07-31 09:35:41,2025-07-31 09:35:41
1033,747,Phó Tổng Giám đốc - Kiêm Giám đốc Khối Kinh doanh miền Bắc,1,2025-07-31 09:35:41,2025-07-31 09:35:41
1034,747,Thành viên Tổ Cố vấn Ban Điều hành,1,2025-07-31 09:35:41,2025-07-31 09:35:41
1035,747,Thư ký Chủ tịch Hội đồng quản trị,1,2025-07-31 09:35:41,2025-07-31 09:35:41
1036,747,Thư ký Tổng Giám đốc,1,2025-07-31 09:35:41,2025-07-31 09:35:41
1037,747,"Trợ lý Chủ tịch HĐQT kiêm Trưởng phòng Tích hợp Dịch vụ Tài chính Điện tử, Trưởng phòng Giám sát dịch vụ 24/7, Trưởng phòng Quản trị ứng dụng thuộc Khối Công nghệ",1,2025-07-31 09:35:42,2025-07-31 09:35:42
1038,747,Trợ lý Tổng giám đốc,1,2025-07-31 09:35:42,2025-07-31 09:35:42
1039,747,Thư ký Phó Tổng Giám đốc,1,2025-07-31 09:35:42,2025-07-31 09:35:42
1040,747,Trợ lý Phó Tổng Giám đốc,1,2025-07-31 09:35:42,2025-07-31 09:35:42
1041,747,Thư ký Tổng Giám đốc ,1,2025-07-31 09:35:42,2025-07-31 09:35:42
1042,747,Trợ lý Chủ tịch Hội đồng quản trị,1,2025-07-31 09:35:43,2025-07-31 09:35:43
1043,747,Trưởng phòng Hành chính tổng hợp,1,2025-07-31 09:35:43,2025-07-31 09:35:43
1044,747,Phó phòng Hành chính tổng hợp,1,2025-07-31 09:35:43,2025-07-31 09:35:43
1045,747,Nhân viên hành chính tổng hợp,1,2025-07-31 09:35:43,2025-07-31 09:35:43
1046,747,Trưởng nhóm Truyền thông Nội bộ,1,2025-07-31 09:35:43,2025-07-31 09:35:43
1047,747,Nhân viên Lái xe,1,2025-07-31 09:35:43,2025-07-31 09:35:43
1048,747,Tổ trưởng tổ lái xe,1,2025-07-31 09:35:44,2025-07-31 09:35:44
1049,747,Nhân viên tạp vụ,1,2025-07-31 09:35:44,2025-07-31 09:35:44
1050,747,Nhân viên hậu cần,1,2025-07-31 09:35:44,2025-07-31 09:35:44
1051,747,Nhân viên quản lý cơ sở vật chất,1,2025-07-31 09:35:44,2025-07-31 09:35:44
1052,747,Nhân viên Văn thư,1,2025-07-31 09:35:44,2025-07-31 09:35:44
1053,747,Nhân viên Chăm lo đời sống,1,2025-07-31 09:35:44,2025-07-31 09:35:44
1054,747,Nhân viên Truyền thông nội bộ,1,2025-07-31 09:35:45,2025-07-31 09:35:45
1055,747,Nhân viên Tổ chức sự kiện nội bộ,1,2025-07-31 09:35:45,2025-07-31 09:35:45
1056,747,Nhân viên Hành chính - mua sắm tài sản,1,2025-07-31 09:35:45,2025-07-31 09:35:45
1057,747,Nhân viên Lễ tân,1,2025-07-31 09:35:45,2025-07-31 09:35:45
1058,747,Trưởng Văn phòng Đại diện miền Nam - Kiêm Phó phòng Hành chính Tổng hợp,1,2025-07-31 09:35:45,2025-07-31 09:35:45
1059,747,Trưởng nhóm Hành chính,1,2025-07-31 09:35:46,2025-07-31 09:35:46
1060,747,Trưởng Văn phòng đại diện Đà Nẵng kiêm Phó phòng Hành chính tổng hợp,1,2025-07-31 09:35:46,2025-07-31 09:35:46
1061,747,Nhân viên thiết kế,1,2025-07-31 09:35:46,2025-07-31 09:35:46
1062,747,Nhân viên Lễ tân hành chính,1,2025-07-31 09:35:46,2025-07-31 09:35:46
1063,747,Nhân viên Hành chính,1,2025-07-31 09:35:46,2025-07-31 09:35:46
1064,747,Trưởng phòng Pháp chế,1,2025-07-31 09:35:46,2025-07-31 09:35:46
1065,747,Phó Phòng Pháp chế,1,2025-07-31 09:35:47,2025-07-31 09:35:47
1066,747,Trưởng nhóm Tư vấn pháp lý,1,2025-07-31 09:35:47,2025-07-31 09:35:47
1067,747,Chuyên viên pháp chế,1,2025-07-31 09:35:47,2025-07-31 09:35:47
1068,747,Giám Đốc Nhân sự - Kiêm Trưởng phòng Nhân sự,1,2025-07-31 09:35:47,2025-07-31 09:35:47
1069,747,Phó phòng Nhân sự,1,2025-07-31 09:35:47,2025-07-31 09:35:47
1070,747,Trưởng nhóm Tuyển dụng,1,2025-07-31 09:35:47,2025-07-31 09:35:47
1071,747,Chuyên viên Nhân sự,1,2025-07-31 09:35:48,2025-07-31 09:35:48
1072,747,Chuyên viên Tuyển dụng,1,2025-07-31 09:35:48,2025-07-31 09:35:48
1073,747,Trưởng nhóm Y Tế,1,2025-07-31 09:35:48,2025-07-31 09:35:48
1074,747,Trưởng nhóm Nhân sự tổng hợp,1,2025-07-31 09:35:48,2025-07-31 09:35:48
1075,747,Nhân viên nhân sự tổng hợp,1,2025-07-31 09:35:48,2025-07-31 09:35:48
1076,747,Nhân viên Vật lý trị liệu,1,2025-07-31 09:35:49,2025-07-31 09:35:49
1077,747,Chuyên viên Đào tạo,1,2025-07-31 09:35:49,2025-07-31 09:35:49
1078,747,Trưởng nhóm Nhân sự,1,2025-07-31 09:35:49,2025-07-31 09:35:49
1079,747,Nhân viên truyền thông thương hiệu tuyển dụng,1,2025-07-31 09:35:49,2025-07-31 09:35:49
1080,747,Nhân viên tuyển dụng,1,2025-07-31 09:35:49,2025-07-31 09:35:49
1081,747,Nhân viên Đào tạo,1,2025-07-31 09:35:49,2025-07-31 09:35:49
1082,747,Giám đốc Kinh doanh Dịch vụ viễn thông kiêm Trưởng phòng Dịch vụ viễn thông,1,2025-07-31 09:35:50,2025-07-31 09:35:50
1083,747,Phó Phòng Dịch vụ Viễn thông,1,2025-07-31 09:35:50,2025-07-31 09:35:50
1084,747,Nhân viên Kinh doanh và quan hệ đối tác,1,2025-07-31 09:35:50,2025-07-31 09:35:50
1085,747,Trưởng nhóm vận hành,1,2025-07-31 09:35:50,2025-07-31 09:35:50
1086,747,Nhân viên Vận hành,1,2025-07-31 09:35:50,2025-07-31 09:35:50
1087,747,Nhân viên phát triển và vận hành sản phẩm,1,2025-07-31 09:35:51,2025-07-31 09:35:51
1088,747,Giám đốc Phát triển Kinh doanh,1,2025-07-31 09:35:51,2025-07-31 09:35:51
1089,747,Phó Phòng Tài chính doanh nghiệp,1,2025-07-31 09:35:51,2025-07-31 09:35:51
1090,747,Nhân viên phát triển kinh doanh,1,2025-07-31 09:35:51,2025-07-31 09:35:51
1091,747,Nhân viên phân tích nghiệp vụ,1,2025-07-31 09:35:51,2025-07-31 09:35:51
1092,747,Nhân viên Vận hành & Quản lý dịch vụ,1,2025-07-31 09:35:51,2025-07-31 09:35:51
1093,747,Nhân viên Phát triển hệ thống,1,2025-07-31 09:35:52,2025-07-31 09:35:52
1094,747,Trưởng phòng Thương mại trực tuyến,1,2025-07-31 09:35:52,2025-07-31 09:35:52
1095,747,Quản lý Cửa hàng,1,2025-07-31 09:35:52,2025-07-31 09:35:52
1096,747,Phó phòng Thương mại trực tuyến,1,2025-07-31 09:35:52,2025-07-31 09:35:52
1097,747,Trưởng nhóm Nguồn hàng,1,2025-07-31 09:35:52,2025-07-31 09:35:52
1098,747,Chuyên viên Cài đặt giá và Khuyến mại,1,2025-07-31 09:35:52,2025-07-31 09:35:52
1099,747,Nhân viên Cài đặt giá và Khuyến mại,1,2025-07-31 09:35:53,2025-07-31 09:35:53
1100,747,Nhân viên Nhập liệu,1,2025-07-31 09:35:53,2025-07-31 09:35:53
1101,747,Nhân viên Đặt hàng,1,2025-07-31 09:35:53,2025-07-31 09:35:53
1102,747,Nhân viên Thúc đẩy bán hàng,1,2025-07-31 09:35:53,2025-07-31 09:35:53
1103,747,Nhân viên Xử lý giao dịch & khiếu nại,1,2025-07-31 09:35:53,2025-07-31 09:35:53
1104,747,Nhân viên Dịch vụ khách hàng,1,2025-07-31 09:35:53,2025-07-31 09:35:53
1105,747,Chuyên viên Quản lý Giao hàng & CSKH,1,2025-07-31 09:35:54,2025-07-31 09:35:54
1106,747,Nhân viên Giao vận,1,2025-07-31 09:35:54,2025-07-31 09:35:54
1107,747,Nhân viên bán hàng cửa hàng,1,2025-07-31 09:35:54,2025-07-31 09:35:54
1108,747,Chuyên viên Quản lý Kho,1,2025-07-31 09:35:54,2025-07-31 09:35:54
1109,747,Chuyên viên Truyền thông đối tác,1,2025-07-31 09:35:54,2025-07-31 09:35:54
1110,747,Chuyên viên Thúc đẩy bán hàng,1,2025-07-31 09:35:54,2025-07-31 09:35:54
1111,747,Nhân viên Nguồn hàng,1,2025-07-31 09:35:55,2025-07-31 09:35:55
1112,747,Chuyên viên Kế toán,1,2025-07-31 09:35:55,2025-07-31 09:35:55
1113,747,Chuyên viên Nguồn hàng,1,2025-07-31 09:35:55,2025-07-31 09:35:55
1114,747,Nhân viên Truyền thông đối tác,1,2025-07-31 09:35:55,2025-07-31 09:35:55
1115,747,Nhân viên Kế toán,1,2025-07-31 09:35:55,2025-07-31 09:35:55
1116,747,Nhân viên Quản lý hợp đồng,1,2025-07-31 09:35:55,2025-07-31 09:35:55
1117,747,Nhân viên Quản lý giao hàng,1,2025-07-31 09:35:56,2025-07-31 09:35:56
1118,747,Nhân viên Quản lý hiển thị,1,2025-07-31 09:35:56,2025-07-31 09:35:56
1119,747,Trưởng phòng Giải pháp và Sản phẩm Thẻ,1,2025-07-31 09:35:56,2025-07-31 09:35:56
1120,747,Phó phòng Giải pháp và Sản phẩm Thẻ,1,2025-07-31 09:35:56,2025-07-31 09:35:56
1121,747,Chuyên viên Quản lý dự án Thẻ,1,2025-07-31 09:35:56,2025-07-31 09:35:56
1122,747,Chuyên viên Tác nghiệp Thẻ,1,2025-07-31 09:35:56,2025-07-31 09:35:56
1123,747,Chuyên viên Giải pháp và Sản phẩm Thẻ,1,2025-07-31 09:35:57,2025-07-31 09:35:57
1124,747,Nhân viên Kỹ thuật ATG,1,2025-07-31 09:35:57,2025-07-31 09:35:57
1125,747,Giám đốc hợp tác quốc tế,1,2025-07-31 09:35:57,2025-07-31 09:35:57
1126,747,Phó Giám đốc hợp tác quốc tế,1,2025-07-31 09:35:57,2025-07-31 09:35:57
1127,747,Nhân viên kinh doanh,1,2025-07-31 09:35:57,2025-07-31 09:35:57
1128,747,Giám đốc Khối Tài chính,1,2025-07-31 09:35:57,2025-07-31 09:35:57
1129,747,Kế toán trưởng kiêm trưởng phòng KTTC,1,2025-07-31 09:35:58,2025-07-31 09:35:58
1130,747,Phó phòng Kế toán tài chính,1,2025-07-31 09:35:58,2025-07-31 09:35:58
1131,747,Trưởng nhóm Kế toán,1,2025-07-31 09:35:58,2025-07-31 09:35:58
1132,747,Trưởng nhóm Kế toán tổng hợp,1,2025-07-31 09:35:58,2025-07-31 09:35:58
1133,747,Trưởng phòng Đối soát,1,2025-07-31 09:35:58,2025-07-31 09:35:58
1134,747,Trưởng nhóm Đối soát,1,2025-07-31 09:35:59,2025-07-31 09:35:59
1135,747,Chuyên viên Đối soát,1,2025-07-31 09:35:59,2025-07-31 09:35:59
1136,747,Chuyên viên Đối chiếu và xử lý giao dịch sai lệch,1,2025-07-31 09:35:59,2025-07-31 09:35:59
1137,747,Kiểm soát viên,1,2025-07-31 09:35:59,2025-07-31 09:35:59
1138,747,Nhân viên Hỗ trợ,1,2025-07-31 09:35:59,2025-07-31 09:35:59
1139,747,Trưởng phòng Thanh toán,1,2025-07-31 09:35:59,2025-07-31 09:35:59
1140,747,Phó phòng Thanh toán,1,2025-07-31 09:36:00,2025-07-31 09:36:00
1141,747,Trưởng nhóm Dịch vụ Hệ sinh thái,1,2025-07-31 09:36:00,2025-07-31 09:36:00
1142,747,Chuyên viên Dịch vụ Giá trị gia tăng,1,2025-07-31 09:36:00,2025-07-31 09:36:00
1143,747,Chuyên viên Dịch vụ Hệ sinh thái,1,2025-07-31 09:36:00,2025-07-31 09:36:00
1144,747,Nhân viên Dịch vụ Hệ sinh thái,1,2025-07-31 09:36:00,2025-07-31 09:36:00
1145,747,Phó Giám đốc Khối Kinh doanh miền Bắc - Kiêm TP Dịch vụ ngân hàng,1,2025-07-31 09:36:00,2025-07-31 09:36:00
1146,747,Thư ký Ban Giám đốc Khối,1,2025-07-31 09:36:01,2025-07-31 09:36:01
1147,747,Trưởng phòng Quản lý Chính sách sản phẩm,1,2025-07-31 09:36:01,2025-07-31 09:36:01
1148,747,Nhân viên Quản lý Chính sách sản phẩm,1,2025-07-31 09:36:01,2025-07-31 09:36:01
1149,747,Trưởng nhóm Quản lý Chính sách sản phẩm,1,2025-07-31 09:36:01,2025-07-31 09:36:01
1150,747,Chuyên viên Quản lý Chính sách sản phẩm,1,2025-07-31 09:36:01,2025-07-31 09:36:01
1151,747,Phó phòng Dịch vụ Ngân hàng,1,2025-07-31 09:36:02,2025-07-31 09:36:02
1152,747,Trưởng nhóm Account Manager,1,2025-07-31 09:36:02,2025-07-31 09:36:02
1153,747,Chuyên viên Account Manager,1,2025-07-31 09:36:02,2025-07-31 09:36:02
1154,747,Nhân viên Account Manager,1,2025-07-31 09:36:02,2025-07-31 09:36:02
1155,747,Nhân viên Account Manager ,1,2025-07-31 09:36:02,2025-07-31 09:36:02
1156,747,Trưởng phòng Phát triển sản phẩm,1,2025-07-31 09:36:02,2025-07-31 09:36:02
1157,747,Trưởng nhóm Phát triển sản phẩm,1,2025-07-31 09:36:03,2025-07-31 09:36:03
1158,747,Nhân viên Phát triển sản phẩm,1,2025-07-31 09:36:03,2025-07-31 09:36:03
1159,747,Trưởng phòng Marketing,1,2025-07-31 09:36:03,2025-07-31 09:36:03
1160,747,Phó phòng Marketing,1,2025-07-31 09:36:03,2025-07-31 09:36:03
1161,747,Trưởng nhóm Thiết kế đồ họa,1,2025-07-31 09:36:03,2025-07-31 09:36:03
1162,747,Nhân viên Marketing,1,2025-07-31 09:36:04,2025-07-31 09:36:04
1163,747,Trưởng nhóm Marketing,1,2025-07-31 09:36:04,2025-07-31 09:36:04
1164,747,Trưởng nhóm Digital Marketing,1,2025-07-31 09:36:04,2025-07-31 09:36:04
1165,747,Trưởng nhóm PR,1,2025-07-31 09:36:04,2025-07-31 09:36:04
1166,747,Nhân viên Digital Marketing,1,2025-07-31 09:36:04,2025-07-31 09:36:04
1167,747,Nhân viên Thiết kế đồ họa,1,2025-07-31 09:36:04,2025-07-31 09:36:04
1168,747,Nhân viên Content Marketing,1,2025-07-31 09:36:05,2025-07-31 09:36:05
1169,747,Nhân viên PR,1,2025-07-31 09:36:05,2025-07-31 09:36:05
1170,747,Trưởng nhóm Thiết kế motion,1,2025-07-31 09:36:05,2025-07-31 09:36:05
1171,747,Nhân viên Thiết kế motion,1,2025-07-31 09:36:05,2025-07-31 09:36:05
1172,747,Trưởng nhóm MKT,1,2025-07-31 09:36:05,2025-07-31 09:36:05
1173,747,Nhân viên hỗ trợ Marketing,1,2025-07-31 09:36:05,2025-07-31 09:36:05
1174,747,Nhân viên Marketing ,1,2025-07-31 09:36:06,2025-07-31 09:36:06
1175,747,Nhân viên tổ chức sản xuất,1,2025-07-31 09:36:06,2025-07-31 09:36:06
1176,747,Trưởng phòng Quản lý Dịch vụ Ví điện tử,1,2025-07-31 09:36:06,2025-07-31 09:36:06
1177,747,Phó phòng Quản lý Dịch vụ Ví điện tử,1,2025-07-31 09:36:06,2025-07-31 09:36:06
1178,747,Trưởng nhóm Thúc đẩy kinh doanh,1,2025-07-31 09:36:06,2025-07-31 09:36:06
1179,747,Nhân viên Phát triển đối tác,1,2025-07-31 09:36:06,2025-07-31 09:36:06
1180,747,Nhân viên Thúc đẩy kinh doanh,1,2025-07-31 09:36:07,2025-07-31 09:36:07
1181,747,Giám đốc Khối Doanh nghiệp,1,2025-07-31 09:36:07,2025-07-31 09:36:07
1182,747,Phó Giám đốc Khối Doanh nghiệp,1,2025-07-31 09:36:07,2025-07-31 09:36:07
1183,747,Phó Giám đốc Khối Doanh nghiệp kiêm Trưởng phòng Phát triển Kinh doanh miền Bắc kiêm Trưởng phòng Hợp tác Ngân hàng miền Bắc,-1,2025-07-31 09:36:07,2025-11-24 09:40:35
1184,747,Trưởng phòng Kinh doanh Vận tải,1,2025-07-31 09:36:07,2025-07-31 09:36:07
1185,747,Phó phòng Kinh doanh Vận tải,1,2025-07-31 09:36:08,2025-07-31 09:36:08
1186,747,Trưởng nhóm Phát triển đối tác,1,2025-07-31 09:36:08,2025-07-31 09:36:08
1187,747,Trưởng nhóm Quản lý đối tác ,1,2025-07-31 09:36:08,2025-07-31 09:36:08
1188,747,Trưởng nhóm Quản lý sản phẩm,1,2025-07-31 09:36:08,2025-07-31 09:36:08
1189,747,Chuyên viên Quản lý đối tác,1,2025-07-31 09:36:08,2025-07-31 09:36:08
1190,747,Nhân viên Quản lý sản phẩm,1,2025-07-31 09:36:08,2025-07-31 09:36:08
1191,747,Trưởng phòng Kinh doanh Dịch vụ tiện ích,1,2025-07-31 09:36:09,2025-07-31 09:36:09
1192,747,Phó phòng Kinh doanh Dịch vụ tiện ích,1,2025-07-31 09:36:09,2025-07-31 09:36:09
1193,747,Trưởng nhóm Dịch vụ tiện ích Miền Nam,1,2025-07-31 09:36:09,2025-07-31 09:36:09
1194,747,Chuyên viên Quản lý hợp tác đối tác,1,2025-07-31 09:36:09,2025-07-31 09:36:09
1195,747,Nhân viên Quản lý hợp tác đối tác,1,2025-07-31 09:36:09,2025-07-31 09:36:09
1196,747,Nhân viên Quản lý sản phẩm và Kinh doanh dự án,1,2025-07-31 09:36:09,2025-07-31 09:36:09
1197,747,Phó phòng Phát triển Kinh doanh Miền Bắc,1,2025-07-31 09:36:10,2025-07-31 09:36:10
1198,747,Trưởng nhóm Phát triển Kinh doanh (BD),1,2025-07-31 09:36:10,2025-07-31 09:36:10
1199,747,Trưởng nhóm Phát triển Kinh doanh (KAM),1,2025-07-31 09:36:10,2025-07-31 09:36:10
1200,747,Chuyên viên Kinh doanh (BD),1,2025-07-31 09:36:10,2025-07-31 09:36:10
1201,747,Chuyên viên Kinh doanh (KAM),1,2025-07-31 09:36:10,2025-07-31 09:36:10
1202,747,Nhân viên Kinh doanh (BD),1,2025-07-31 09:36:10,2025-07-31 09:36:10
1203,747,Phó phòng Phát triển Kinh doanh Miền Nam,1,2025-07-31 09:36:11,2025-07-31 09:36:11
1204,747,Trưởng nhóm Phát triển Kinh doanh,1,2025-07-31 09:36:11,2025-07-31 09:36:11
1205,747,Chuyên viên Kinh doanh,1,2025-07-31 09:36:11,2025-07-31 09:36:11
1206,747,Trưởng Phòng Thúc đẩy Kinh doanh Miền Bắc,1,2025-07-31 09:36:11,2025-07-31 09:36:11
1207,747,Phó phòng Thúc đẩy Kinh doanh Miền Bắc,1,2025-07-31 09:36:11,2025-07-31 09:36:11
1208,747,Trưởng phòng Thúc đẩy Kinh doanh Miền Nam ,1,2025-07-31 09:36:11,2025-07-31 09:36:11
1209,747,Trưởng nhóm Kinh doanh (KAM),1,2025-07-31 09:36:12,2025-07-31 09:36:12
1210,747,Phó phòng Hợp tác Ngân hàng Miền Bắc,1,2025-07-31 09:36:12,2025-07-31 09:36:12
1211,747,Trưởng nhóm Hợp tác Ngân hàng,1,2025-07-31 09:36:12,2025-07-31 09:36:12
1212,747,Chuyên viên Hỗ trợ Kinh doanh,1,2025-07-31 09:36:12,2025-07-31 09:36:12
1213,747,Chuyên viên Hợp tác Ngân hàng,1,2025-07-31 09:36:12,2025-07-31 09:36:12
1214,747,Chuyên viên Hợp tác Ngân hàng ,1,2025-07-31 09:36:12,2025-07-31 09:36:12
1215,747,Nhân viên Hỗ trợ Kinh doanh,1,2025-07-31 09:36:13,2025-07-31 09:36:13
1216,747,Nhân viên Triển khai và Hỗ trợ dịch vụ,1,2025-07-31 09:36:13,2025-07-31 09:36:13
1217,747,Trưởng nhóm Hỗ trợ Kinh doanh,1,2025-07-31 09:36:13,2025-07-31 09:36:13
1218,747,Chuyên viên Hỗ trợ kinh doanh cao cấp,1,2025-07-31 09:36:13,2025-07-31 09:36:13
1219,747,Trưởng nhóm Content Marketing,1,2025-07-31 09:36:13,2025-07-31 09:36:13
1220,747,Trưởng nhóm Thiết kế,1,2025-07-31 09:36:14,2025-07-31 09:36:14
1221,747,Trưởng nhóm Tiếp thị sản phẩm và Thương hiệu,1,2025-07-31 09:36:14,2025-07-31 09:36:14
1222,747,Chuyên viên Content Marketing,1,2025-07-31 09:36:14,2025-07-31 09:36:14
1223,747,Chuyên viên Growth Marketing,1,2025-07-31 09:36:14,2025-07-31 09:36:14
1224,747,Chuyên viên Nghiên cứu thị trường ,1,2025-07-31 09:36:14,2025-07-31 09:36:14
1225,747,Chuyên viên Phát triển thương hiệu,1,2025-07-31 09:36:14,2025-07-31 09:36:14
1226,747,Chuyên viên Quay dựng Video,1,2025-07-31 09:36:15,2025-07-31 09:36:15
1227,747,Chuyên viên Thiết kế,1,2025-07-31 09:36:15,2025-07-31 09:36:15
1228,747,Chuyên viên Tiếp thị sản phảm,1,2025-07-31 09:36:15,2025-07-31 09:36:15
1229,747,Chuyên viên Trade Marketing,1,2025-07-31 09:36:15,2025-07-31 09:36:15
1230,747,Nhân viên Tiếp thị sản phảm,1,2025-07-31 09:36:15,2025-07-31 09:36:15
1231,747,Trưởng phòng Quản lý Dịch vụ,1,2025-07-31 09:36:15,2025-07-31 09:36:15
1232,747,Phó phòng Quản lý Dịch vụ,1,2025-07-31 09:36:16,2025-07-31 09:36:16
1233,747,Trưởng nhóm Dịch vụ khách hàng,1,2025-07-31 09:36:16,2025-07-31 09:36:16
1234,747,Trưởng nhóm Kiểm soát Chất lượng,1,2025-07-31 09:36:16,2025-07-31 09:36:16
1235,747,Trưởng nhóm Triển khai và Hỗ trợ dịch vụ,1,2025-07-31 09:36:16,2025-07-31 09:36:16
1236,747,Chuyên viên Chăm sóc khách hàng,1,2025-07-31 09:36:16,2025-07-31 09:36:16
1237,747,Chuyên viên Điều phối Thực địa,1,2025-07-31 09:36:16,2025-07-31 09:36:16
1238,747,Chuyên viên Khảo sát và Thực địa,1,2025-07-31 09:36:17,2025-07-31 09:36:17
1239,747,Chuyên viên Kiểm soát Chất lượng,1,2025-07-31 09:36:17,2025-07-31 09:36:17
1240,747,Chuyên viên nghiệp vụ dịch vụ khách hàng,1,2025-07-31 09:36:17,2025-07-31 09:36:17
1241,747,Chuyên viên Phòng ngừa gian lận chính sách,1,2025-07-31 09:36:17,2025-07-31 09:36:17
1242,747,Chuyên viên Tra soát và Xác minh,1,2025-07-31 09:36:17,2025-07-31 09:36:17
1243,747,Nhân viên Khảo sát và Thực địa,1,2025-07-31 09:36:17,2025-07-31 09:36:17
1244,747,Nhân viên Kiểm soát Chất lượng,1,2025-07-31 09:36:18,2025-07-31 09:36:18
1245,747,Nhân viên Tra soát và Xác minh,1,2025-07-31 09:36:18,2025-07-31 09:36:18
1246,747,Trưởng phòng Tổng hợp,1,2025-07-31 09:36:18,2025-07-31 09:36:18
1247,747,Phó phòng Tổng hợp,1,2025-07-31 09:36:18,2025-07-31 09:36:18
1248,747,Trưởng nhóm Chính sách Kinh doanh,1,2025-07-31 09:36:18,2025-07-31 09:36:18
1249,747,Trưởng nhóm Hỗ trợ sau bán,1,2025-07-31 09:36:18,2025-07-31 09:36:18
1250,747,Trưởng nhóm Kế hoạch,1,2025-07-31 09:36:19,2025-07-31 09:36:19
1251,747,Chuyên viên Chính sách và Chế độ,1,2025-07-31 09:36:19,2025-07-31 09:36:19
1252,747,Chuyên viên Hành chính,1,2025-07-31 09:36:19,2025-07-31 09:36:19
1253,747,Chuyên viên Hỗ trợ sau bán,1,2025-07-31 09:36:19,2025-07-31 09:36:19
1254,747,Chuyên viên IT Helpdesk kiêm hành chính,1,2025-07-31 09:36:19,2025-07-31 09:36:19
1255,747,Chuyên viên Kế hoạch,1,2025-07-31 09:36:19,2025-07-31 09:36:19
1256,747,Chuyên viên Quản lý hợp đồng,1,2025-07-31 09:36:20,2025-07-31 09:36:20
1257,747,Nhân viên Hỗ trợ sau bán,1,2025-07-31 09:36:20,2025-07-31 09:36:20
1258,747,Nhân viên Kế hoạch,1,2025-07-31 09:36:20,2025-07-31 09:36:20
1259,747,Nhân viên Thủ Kho,1,2025-07-31 09:36:20,2025-07-31 09:36:20
1260,747,Phó Giám đốc Khối Công nghệ - Kiêm Phó Giám đốc Trung tâm Hạ tầng và An ninh Thông tin trực thuộc Khối Công nghệ kiêm Trưởng phòng Tuân thủ và điều phối dự án,1,2025-07-31 09:36:20,2025-07-31 09:36:20
1261,747,Phó Giám đốc Khối Công nghệ kiêm Trưởng phòng Dịch vụ ngân hàng,1,2025-07-31 09:36:21,2025-07-31 09:36:21
1262,747,Trưởng phòng Quản trị Tổng hợp - Kiêm Trợ lý Phó Tổng Giám đốc,1,2025-07-31 09:36:21,2025-07-31 09:36:21
1263,747,Trưởng nhóm Hỗ trợ Dự án - Kiêm Thư ký Phó Tổng Giám đốc,1,2025-07-31 09:36:21,2025-07-31 09:36:21
1264,747,Nhân viên Hỗ trợ Hành chính,1,2025-07-31 09:36:21,2025-07-31 09:36:21
1265,747,Nhân viên Hỗ trợ Dự án,1,2025-07-31 09:36:21,2025-07-31 09:36:21
1266,747,Giám đốc Trung tâm Khoa học dữ liệu kiêm Trưởng phòng AI & CNDL,1,2025-07-31 09:36:21,2025-07-31 09:36:21
1267,747,Phó Giám đốc Trung tâm Khoa học dữ liệu kiêm Trưởng phòng Quản trị cơ sở dữ liệu và Báo cáo,1,2025-07-31 09:36:22,2025-07-31 09:36:22
1268,747,Phó phòng AI & Công nghệ dữ liệu,1,2025-07-31 09:36:22,2025-07-31 09:36:22
1269,747,Trưởng nhóm AI,1,2025-07-31 09:36:22,2025-07-31 09:36:22
1270,747,Trưởng nhóm Tích hợp,1,2025-07-31 09:36:22,2025-07-31 09:36:22
1271,747,Kỹ sư AI,1,2025-07-31 09:36:22,2025-07-31 09:36:22
1272,747,Trưởng nhóm AI Fraud Intelligence,1,2025-07-31 09:36:22,2025-07-31 09:36:22
1273,747,Kỹ sư Data Engineer,1,2025-07-31 09:36:23,2025-07-31 09:36:23
1274,747,Kỹ sư Tích hợp,1,2025-07-31 09:36:23,2025-07-31 09:36:23
1275,747,Kỹ sư Data Science,1,2025-07-31 09:36:23,2025-07-31 09:36:23
1276,747,Trưởng nhóm Data Engineer,1,2025-07-31 09:36:23,2025-07-31 09:36:23
1277,747,Phó phòng Phân tích và Phát triển kinh doanh,1,2025-07-31 09:36:23,2025-07-31 09:36:23
1278,747,Chuyên viên Phân tích dữ liệu,1,2025-07-31 09:36:23,2025-07-31 09:36:23
1279,747,Trưởng nhóm Phân tích dữ liệu,1,2025-07-31 09:36:24,2025-07-31 09:36:24
1280,747,Nhân viên Vận hành sản phẩm dữ liệu,1,2025-07-31 09:36:24,2025-07-31 09:36:24
1281,747,Nhân viên Phân tích dữ liệu,1,2025-07-31 09:36:24,2025-07-31 09:36:24
1282,747,Nhân viên Triển khai sản phẩm dữ liệu,1,2025-07-31 09:36:24,2025-07-31 09:36:24
1283,747,Nhân viên phát triển sản phẩm dữ liệu,1,2025-07-31 09:36:24,2025-07-31 09:36:24
1284,747,Phó phòng Quản trị cơ sở dữ liệu và Báo cáo,1,2025-07-31 09:36:24,2025-07-31 09:36:24
1285,747,Trưởng nhóm Lập trình,1,2025-07-31 09:36:25,2025-07-31 09:36:25
1286,747,Nhân viên Quản trị cơ sở dữ liệu,1,2025-07-31 09:36:25,2025-07-31 09:36:25
1287,747,Lập trình viên,1,2025-07-31 09:36:25,2025-07-31 09:36:25
1288,747,Phó phòng Tích hợp Dịch vụ Tài chính Điện tử,1,2025-07-31 09:36:25,2025-07-31 09:36:25
1289,747,Trưởng phòng Phát triển ứng dụng di động,1,2025-07-31 09:36:25,2025-07-31 09:36:25
1290,747,Phó phòng Phát triển ứng dụng di động,1,2025-07-31 09:36:26,2025-07-31 09:36:26
1291,747,Phó phòng Quản trị Ứng dụng,1,2025-07-31 09:36:26,2025-07-31 09:36:26
1292,747,Trưởng nhóm Vận hành ứng dụng,1,2025-07-31 09:36:26,2025-07-31 09:36:26
1293,747,Nhân viên SRE,1,2025-07-31 09:36:26,2025-07-31 09:36:26
1294,747,Nhân viên Vận hành ứng dụng,1,2025-07-31 09:36:26,2025-07-31 09:36:26
1295,747,Nhân viên Triển khai giám sát,1,2025-07-31 09:36:27,2025-07-31 09:36:27
1296,747,Trưởng nhóm Triển khai giám sát,1,2025-07-31 09:36:27,2025-07-31 09:36:27
1297,747,Trưởng phòng Nội dung số,1,2025-07-31 09:36:27,2025-07-31 09:36:27
1298,747,Phó phòng Nội dung số,1,2025-07-31 09:36:27,2025-07-31 09:36:27
1299,747,Trưởng Phòng Dịch vụ trực tuyến,1,2025-07-31 09:36:27,2025-07-31 09:36:27
1300,747,Phó phòng Dịch vụ trực tuyến,1,2025-07-31 09:36:27,2025-07-31 09:36:27
1301,747,Trưởng nhóm Hỗ trợ Cổng thanh toán,1,2025-07-31 09:36:28,2025-07-31 09:36:28
1302,747,Nhân viên Hỗ trợ Cổng thanh toán,1,2025-07-31 09:36:28,2025-07-31 09:36:28
1303,747,Trưởng phòng Dịch vụ Giá trị Gia tăng,1,2025-07-31 09:36:28,2025-07-31 09:36:28
1304,747,Phó phòng Dịch vụ Giá trị Gia tăng,1,2025-07-31 09:36:28,2025-07-31 09:36:28
1305,747,Trưởng phòng Tích hợp Hệ thống,1,2025-07-31 09:36:29,2025-07-31 09:36:29
1306,747,Phó phòng Tích hợp Hệ thống,1,2025-07-31 09:36:29,2025-07-31 09:36:29
1307,747,Phó Phòng Giám sát dịch vụ 24/7,1,2025-07-31 09:36:29,2025-07-31 09:36:29
1308,747,Nhân viên Trực Ca giám sát 24/7,1,2025-07-31 09:36:29,2025-07-31 09:36:29
1309,747,Nhân viên Kiểm soát và Báo cáo,1,2025-07-31 09:36:30,2025-07-31 09:36:30
1310,747,Phó Giám đốc Trung tâm Hạ tầng và An ninh Thông tin,1,2025-07-31 09:36:30,2025-07-31 09:36:30
1311,747,Trưởng Phòng Hạ Tầng Mạng,1,2025-07-31 09:36:30,2025-07-31 09:36:30
1312,747,Phó Phòng Hạ Tầng Mạng,1,2025-07-31 09:36:30,2025-07-31 09:36:30
1313,747,Trưởng nhóm Kỹ thuật Mạng,1,2025-07-31 09:36:30,2025-07-31 09:36:30
1314,747,Nhân Viên Core Network,1,2025-07-31 09:36:30,2025-07-31 09:36:30
1315,747,Nhân viên cơ điện,1,2025-07-31 09:36:31,2025-07-31 09:36:31
1316,747,Trưởng Nhóm Core Network,1,2025-07-31 09:36:31,2025-07-31 09:36:31
1317,747,Trưởng Nhóm WAN & Office Network,1,2025-07-31 09:36:31,2025-07-31 09:36:31
1318,747,Trưởng nhóm cơ điện,1,2025-07-31 09:36:31,2025-07-31 09:36:31
1319,747,Nhân Viên WAN & Office Network,1,2025-07-31 09:36:31,2025-07-31 09:36:31
1320,747,Nhân Viên Software-Defined Network,1,2025-07-31 09:36:31,2025-07-31 09:36:31
1321,747,Trưởng Nhóm Software-Defined Network,1,2025-07-31 09:36:32,2025-07-31 09:36:32
1322,747,Nhân viên Giám Sát Hệ Thống Cloud,1,2025-07-31 09:36:32,2025-07-31 09:36:32
1323,747,Nhân viên Kỹ thuật Mạng Cloud,1,2025-07-31 09:36:32,2025-07-31 09:36:32
1324,747,Trưởng phòng Hệ thống,1,2025-07-31 09:36:32,2025-07-31 09:36:32
1325,747,Phó phòng Hệ thống,1,2025-07-31 09:36:32,2025-07-31 09:36:32
1326,747,Trưởng nhóm Products,1,2025-07-31 09:36:33,2025-07-31 09:36:33
1327,747,Nhân viên IT Helpdesk,1,2025-07-31 09:36:33,2025-07-31 09:36:33
1328,747,Nhân viên Infrastructure,1,2025-07-31 09:36:33,2025-07-31 09:36:33
1329,747,Nhân viên Managed Services,1,2025-07-31 09:36:33,2025-07-31 09:36:33
1330,747,Trưởng nhóm Platform,1,2025-07-31 09:36:33,2025-07-31 09:36:33
1331,747,Nhân viên Platform,1,2025-07-31 09:36:33,2025-07-31 09:36:33
1332,747,Trưởng nhóm Infrastructure,1,2025-07-31 09:36:34,2025-07-31 09:36:34
1333,747,Nhân viên Service Desk,1,2025-07-31 09:36:34,2025-07-31 09:36:34
1334,747,Nhân viên Products,1,2025-07-31 09:36:34,2025-07-31 09:36:34
1335,747,Nhân viên Cloud Platforms,1,2025-07-31 09:36:34,2025-07-31 09:36:34
1336,747,Nhân viên Helpdesk,1,2025-07-31 09:36:35,2025-07-31 09:36:35
1337,747,Trưởng nhóm Quản lý tuân thủ,1,2025-07-31 09:36:35,2025-07-31 09:36:35
1338,747,Nhân viên Điều phối Dự án,1,2025-07-31 09:36:35,2025-07-31 09:36:35
1339,747,Nhân viên Quản lý tuân thủ,1,2025-07-31 09:36:35,2025-07-31 09:36:35
1340,747,Trưởng phòng Điện toán Đám mây,1,2025-07-31 09:36:35,2025-07-31 09:36:35
1341,747,Trưởng nhóm Lập trình Cloud Platform,1,2025-07-31 09:36:35,2025-07-31 09:36:35
1342,747,Trưởng nhóm Lập trình Tích hợp dịch vụ Cloud,1,2025-07-31 09:36:36,2025-07-31 09:36:36
1343,747,Nhân viên Kiểm thử,1,2025-07-31 09:36:36,2025-07-31 09:36:36
1344,747,Nhân viên Quản lý quy trình,1,2025-07-31 09:36:36,2025-07-31 09:36:36
1345,747,Trưởng phòng An ninh Hệ thống,1,2025-07-31 09:36:36,2025-07-31 09:36:36
1346,747,Phó phòng An ninh Hệ thống,1,2025-07-31 09:36:36,2025-07-31 09:36:36
1347,747,Trưởng nhóm Purple team,1,2025-07-31 09:36:37,2025-07-31 09:36:37
1348,747,Trưởng nhóm giám sát hệ thống (SOC),1,2025-07-31 09:36:37,2025-07-31 09:36:37
1349,747,Nhân viên Purple Team,1,2025-07-31 09:36:37,2025-07-31 09:36:37
1350,747,Nhân viên giám sát hệ thống (SOC),1,2025-07-31 09:36:37,2025-07-31 09:36:37
1351,747,Trưởng nhóm Vận hành bảo mật,1,2025-07-31 09:36:38,2025-07-31 09:36:38
1352,747,Nhân viên vận hành bảo mật,1,2025-07-31 09:36:38,2025-07-31 09:36:38
1353,747,Nhân viên Giám sát hệ thống SOC,1,2025-07-31 09:36:38,2025-07-31 09:36:38
1354,747,Trưởng phòng An Ninh Sản Phẩm,1,2025-07-31 09:36:39,2025-07-31 09:36:39
1355,747,Phó phòng An Ninh Sản Phẩm,1,2025-07-31 09:36:39,2025-07-31 09:36:39
1356,747,Trưởng nhóm An Ninh Tấn Công,1,2025-07-31 09:36:39,2025-07-31 09:36:39
1357,747,Nhân viên An ninh tấn công,1,2025-07-31 09:36:39,2025-07-31 09:36:39
1358,747,Nhân viên Kiểm thử xâm nhập,1,2025-07-31 09:36:39,2025-07-31 09:36:39
1359,747,Nhân viên Phát triển sản phẩm bảo mật,1,2025-07-31 09:36:39,2025-07-31 09:36:39
1360,747,Trưởng Phòng Phân tích Nghiệp vụ,1,2025-07-31 09:36:40,2025-07-31 09:36:40
1361,747,Phó phòng Phân tích Nghiệp vụ,1,2025-07-31 09:36:40,2025-07-31 09:36:40
1362,747,Trưởng nhóm Phân tích nghiệp vụ,1,2025-07-31 09:36:40,2025-07-31 09:36:40
1363,747,Trưởng nhóm Kiểm thử,1,2025-07-31 09:36:40,2025-07-31 09:36:40
1364,747,Chuyên viên Kiểm thử,1,2025-07-31 09:36:41,2025-07-31 09:36:41
1365,747,Chuyên viên Phân tích nghiệp vụ,1,2025-07-31 09:36:41,2025-07-31 09:36:41
1366,747,Trưởng phòng Thiết kế,1,2025-07-31 09:36:41,2025-07-31 09:36:41
1367,747,Phó phòng Thiết kế,1,2025-07-31 09:36:41,2025-07-31 09:36:41
1368,747,Trưởng nhóm Thiết kế Mobile UI/UX,1,2025-07-31 09:36:41,2025-07-31 09:36:41
1369,747,Trưởng nhóm Web,1,2025-07-31 09:36:41,2025-07-31 09:36:41
1370,747,Chuyên viên Lập trình HTML,1,2025-07-31 09:36:42,2025-07-31 09:36:42
1371,747,Nhân viên Thiết kế UI/UX,1,2025-07-31 09:36:42,2025-07-31 09:36:42
1372,747,Chuyên viên Thiết kế UI/UX,1,2025-07-31 09:36:42,2025-07-31 09:36:42
1373,747,Chuyên viên Đồ hoạ chuyển động,1,2025-07-31 09:36:42,2025-07-31 09:36:42
1374,747,Chuyên viên Thiết kế Web,1,2025-07-31 09:36:42,2025-07-31 09:36:42
1375,747,Chuyên viên Vẽ minh hoạ,1,2025-07-31 09:36:42,2025-07-31 09:36:42
1376,747,Nhân viên Thiết kế Web,1,2025-07-31 09:36:43,2025-07-31 09:36:43
1377,747,Nhân viên vẽ minh họa,1,2025-07-31 09:36:43,2025-07-31 09:36:43
1378,747,Nhân viên Lập trình HTML,1,2025-07-31 09:36:43,2025-07-31 09:36:43
1379,747,Trưởng phòng Công nghệ Blockchain,1,2025-07-31 09:36:43,2025-07-31 09:36:43
1380,747,Phó phòng Công nghệ Blockchain,1,2025-07-31 09:36:43,2025-07-31 09:36:43
1381,747,Giám đốc Khối Kinh doanh miền Nam,1,2025-07-31 09:36:43,2025-07-31 09:36:43
1382,747,Trưởng phòng Kinh doanh & Quản lý dự án,1,2025-07-31 09:36:44,2025-07-31 09:36:44
1383,747,Trưởng nhóm Chính sách sản phẩm,1,2025-07-31 09:36:44,2025-07-31 09:36:44
1384,747,Chuyên viên Điều phối dự án,1,2025-07-31 09:36:44,2025-07-31 09:36:44
1385,747,Phó Phòng Kinh doanh & Quản lý Dự án,1,2025-07-31 09:36:44,2025-07-31 09:36:44
1386,747,Chuyên viên Chính sách sản phẩm,1,2025-07-31 09:36:44,2025-07-31 09:36:44
1387,747,Nhân viên Chính sách sản phẩm,1,2025-07-31 09:36:45,2025-07-31 09:36:45
1388,747,Nhân viên Quản lý đối tác,1,2025-07-31 09:36:45,2025-07-31 09:36:45
1389,747,Trưởng nhóm Account Marketing,1,2025-07-31 09:36:45,2025-07-31 09:36:45
1390,747,Nhân viên Account Marketing,1,2025-07-31 09:36:45,2025-07-31 09:36:45
1391,747,Chuyên viên Account Marketing,1,2025-07-31 09:36:45,2025-07-31 09:36:45
1392,747,Nhân viên Truyền thông và tổ chức sự kiện,1,2025-07-31 09:36:45,2025-07-31 09:36:45
1393,747,Giám đốc Khối Quản lý Dịch vụ TGTT,1,2025-07-31 09:36:46,2025-07-31 09:36:46
1394,747,Phó Giám đốc Khối Quản lý Dịch vụ TGTT,1,2025-07-31 09:36:46,2025-07-31 09:36:46
1395,747,Trưởng phòng Quản lý sản phẩm,1,2025-07-31 09:36:46,2025-07-31 09:36:46
1396,747,Phó phòng Quản lý sản phẩm,1,2025-07-31 09:36:46,2025-07-31 09:36:46
1397,747,Trưởng nhóm Quản lý sản phẩm và điều phối,1,2025-07-31 09:36:46,2025-07-31 09:36:46
1398,747,Chuyên viên Quản lý sản phẩm và điều phối,1,2025-07-31 09:36:46,2025-07-31 09:36:46
1399,747,Nhân viên Quản lý sản phẩm và điều phối,1,2025-07-31 09:36:47,2025-07-31 09:36:47
1400,747,Trưởng Phòng Vận hành sản phẩm,1,2025-07-31 09:36:47,2025-07-31 09:36:47
1401,747,Trưởng nhóm Quản lý khai báo,1,2025-07-31 09:36:47,2025-07-31 09:36:47
1402,747,Trưởng nhóm Quản lý chất lượng,1,2025-07-31 09:36:47,2025-07-31 09:36:47
1403,747,Chuyên viên Thẩm định,1,2025-07-31 09:36:47,2025-07-31 09:36:47
1404,747,Chuyên viên Quản lý khai báo,1,2025-07-31 09:36:47,2025-07-31 09:36:47
1405,747,Chuyên viên Quản lý chất lượng ,1,2025-07-31 09:36:48,2025-07-31 09:36:48
1406,747,Nhân viên Quản lý khai báo,1,2025-07-31 09:36:48,2025-07-31 09:36:48
1407,747,Nhân viên Quản lý chất lượng,1,2025-07-31 09:36:48,2025-07-31 09:36:48
1408,747,Nhân viên Thẩm định,1,2025-07-31 09:36:48,2025-07-31 09:36:48
1409,747,Trưởng Phòng Quản trị rủi ro,1,2025-07-31 09:36:49,2025-07-31 09:36:49
1410,747,Phó Phòng Quản trị rủi ro,1,2025-07-31 09:36:49,2025-07-31 09:36:49
1411,747,Trưởng Nhóm Quản trị rủi ro,1,2025-07-31 09:36:49,2025-07-31 09:36:49
1412,747,Nhân viên Chính sách và tuân thủ,1,2025-07-31 09:36:49,2025-07-31 09:36:49
1413,747,Nhân viên Tác nghiệp Quản trị rủi ro,1,2025-07-31 09:36:49,2025-07-31 09:36:49
1414,747,Trưởng nhóm Giám sát hệ thống và hỗ trợ vận hành dịch vụ Ví điện tử,1,2025-07-31 09:36:50,2025-07-31 09:36:50
1415,747,Trưởng nhóm Vận hành tổng hợp dịch vụ Ví điện tử,1,2025-07-31 09:36:50,2025-07-31 09:36:50
1416,747,Nhân viên Vận hành tổng hợp dịch vụ Ví điện tử,1,2025-07-31 09:36:50,2025-07-31 09:36:50
1417,747,Nhân viên Giám sát hệ thống và hỗ trợ vận hành dịch vụ Ví điện tử,1,2025-07-31 09:36:50,2025-07-31 09:36:50
1418,747,Trưởng phòng Dịch vụ Vé,1,2025-07-31 09:36:50,2025-07-31 09:36:50
1419,747,Phó phòng Dịch vụ Vé,1,2025-07-31 09:36:50,2025-07-31 09:36:50
1420,747,Trưởng nhóm Hỗ trợ dịch vụ,1,2025-07-31 09:36:51,2025-07-31 09:36:51
1421,747,Trưởng nhóm Vận hành sản phẩm,1,2025-07-31 09:36:51,2025-07-31 09:36:51
1422,747,Chuyên viên Hỗ trợ dịch vụ,1,2025-07-31 09:36:51,2025-07-31 09:36:51
1423,747,Chuyên viên Vận hành sản phẩm,1,2025-07-31 09:36:51,2025-07-31 09:36:51
1424,747,Nhân viên Hỗ trợ dịch vụ,1,2025-07-31 09:36:51,2025-07-31 09:36:51
1425,747,Nhân viên Vận hành sản phẩm,1,2025-07-31 09:36:51,2025-07-31 09:36:51
1426,747,Trưởng phòng Chăm sóc khách hàng,1,2025-07-31 09:36:52,2025-07-31 09:36:52
1427,747,Phó phòng Chăm sóc khách hàng,1,2025-07-31 09:36:52,2025-07-31 09:36:52
1428,747,Trưởng nhóm Giải quyết khiếu nại các dịch vụ khác,1,2025-07-31 09:36:52,2025-07-31 09:36:52
1429,747,Trưởng nhóm Giải quyết khiếu nại dịch vụ Hệ sinh thái,1,2025-07-31 09:36:52,2025-07-31 09:36:52
1430,747,Trưởng nhóm Tổng đài viên,1,2025-07-31 09:36:52,2025-07-31 09:36:52
1431,747,Chuyên viên Giải quyết khiếu nại,1,2025-07-31 09:36:52,2025-07-31 09:36:52
1432,747,Nhân viên Giải quyết khiếu nại,1,2025-07-31 09:36:53,2025-07-31 09:36:53
1433,747,Nhân viên Hậu kiểm,1,2025-07-31 09:36:53,2025-07-31 09:36:53
1434,747,Tổng đài viên,1,2025-07-31 09:36:53,2025-07-31 09:36:53
1476,747,Nhân viên Chính sách kinh doanh,1,2025-11-13 15:28:24,2025-11-13 15:28:24
1477,747,Chuyên viên Hợp tác Ngân hàng cao cấp,1,2025-11-13 15:29:28,2025-11-13 15:29:28
1478,747,Phó phòng Hợp tác Ngân hàng Miền Nam,1,2025-11-13 15:29:39,2025-11-13 15:29:39
1479,747,Trưởng nhóm Chính sách và Chế độ,1,2025-11-13 15:29:47,2025-11-13 15:29:47
1480,747,Thư ký BGĐ Trung tâm,1,2025-11-13 15:30:03,2025-11-13 15:30:03
1481,747,Chuyên viên Phát triển sản phẩm bảo mật,1,2025-11-13 15:30:38,2025-11-13 15:30:38
1482,747,Chuyên viên An ninh tấn công,1,2025-11-13 15:30:48,2025-11-13 15:30:48
1483,747,Chuyên viên Kiểm thử xâm nhập,1,2025-11-13 15:31:00,2025-11-13 15:31:00
1484,747,Chuyên viên triển khai,1,2025-11-13 15:32:28,2025-11-13 15:32:28
1497,747,Giám đốc Thương mại,1,2025-11-24 16:01:10,2025-11-24 16:01:10
1498,747,Phó phòng phụ trách,1,2025-11-24 16:18:14,2025-11-24 16:18:14
1499,747,Trưởng ban Pháp chế,1,2025-11-24 16:22:06,2025-11-24 16:22:06
1500,747,Trưởng phòng AI & Công nghệ dữ liệu,1,2025-11-24 16:29:40,2025-11-24 16:29:40
1501,747,Trưởng nhóm AM,1,2025-11-24 16:47:10,2025-11-24 16:47:10
1502,747,Chuyên viên AM,1,2025-11-24 16:47:17,2025-11-24 16:47:17
1503,747,Nhân viên Admin,1,2025-11-24 16:47:35,2025-11-24 16:47:35
1504,747,Phó phòng Kinh doanh,1,2025-11-24 16:49:40,2025-11-24 16:49:40
1505,747,Trưởng phòng Kinh doanh,1,2025-11-24 17:30:25,2025-11-24 17:30:25
1506,747,Trưởng phòng Quản lý đối tác,1,2025-11-24 17:39:54,2025-11-24 17:39:54
1507,747,Chuyên viên Quản lý đối tác (KAM),1,2025-11-24 17:40:10,2025-11-24 17:40:10
1508,747,Chuyên viên Quản lý đối tác (Senior KAM),1,2025-11-24 17:40:18,2025-11-24 17:40:18
1509,747,"Chuyên viên Quản lý đối tác ĐVNT (Senior Specialist)
",1,2025-11-24 17:40:18,2025-11-24 17:40:18
1510,747,Trưởng phòng Dịch vụ hệ sinh thái,1,2025-11-24 18:01:53,2025-11-24 18:01:53
1511,747,Phó phòng Dịch vụ hệ sinh thái,1,2025-11-24 18:02:06,2025-11-24 18:02:06
1512,747,Trưởng Nhóm Dịch vụ Lữ hành - Đặc thù,1,2025-11-24 18:02:13,2025-11-24 18:02:13
1513,747,Trưởng Nhóm Dịch vụ Thiết yếu,1,2025-11-24 18:02:32,2025-11-24 18:02:32
1514,747,Trưởng nhóm Phát triển đối tác Vận tải,1,2025-11-24 18:02:39,2025-11-24 18:02:39
1515,747,Trưởng nhóm Quản lý đối tác Vận tải,1,2025-11-24 18:02:46,2025-11-24 18:02:46
1516,747,Trưởng Nhóm Dịch vụ Vui chơi giải trí,1,2025-11-24 18:03:04,2025-11-24 18:03:04
1519,747,Trưởng nhóm Quản lý và Triển khai dự án,1,2025-11-24 18:14:01,2025-11-24 18:14:01
1520,747,Nhân viên Quản lý và Triển khai dự án,1,2025-11-24 18:14:10,2025-11-24 18:14:10
1521,747,Nhân viên Hợp tác ngân hàng,1,2025-11-24 18:15:52,2025-11-24 18:15:52
1540,747,Phó Giám đốc phụ trách,1,2025-12-10 17:52:10,2025-12-10 17:52:10
1541,747,Trưởng Phòng Đào tạo,1,2025-12-10 18:47:15,2025-12-10 18:47:15
1542,747,Chuyên viên Quản lý Kho kiêm Hành chính,1,2025-12-11 08:58:48,2025-12-11 08:58:48
1544,747,Trưởng nhóm Đào tạo,1,2025-12-12 11:48:12,2025-12-12 11:48:12
1545,747,Chuyên viên Quản lý Đào tạo,1,2025-12-12 11:48:39,2025-12-12 11:48:39
1567,747,Phó ban phụ trách kiêm Trưởng phòng Truyền thông tích hợp,1,2026-01-13 12:12:14,2026-01-13 12:12:17
1568,747,Chuyên viên Marketing,1,2026-01-13 15:08:42,2026-01-13 15:08:42
1569,747,Chuyên viên Thiết kế đồ họa,1,2026-01-14 08:32:20,2026-01-14 08:32:20
1570,747,Chuyên viên Digital Marketing,1,2026-01-14 08:34:43,2026-01-14 08:34:43
1571,747,Chuyên viên PR,1,2026-01-14 08:37:06,2026-01-14 08:37:06
1572,747,Trưởng phòng Marketing Đối tác,1,2026-01-14 08:38:12,2026-01-14 08:38:12
1573,747,Phó phòng Marketing Đối tác,1,2026-01-14 08:39:08,2026-01-14 08:39:08
1574,747,Trưởng nhóm Marketing Merchant,1,2026-01-14 08:40:55,2026-01-14 08:40:55
1575,747,Trưởng phòng Marketing Hệ sinh thái,1,2026-01-14 08:41:27,2026-01-14 08:41:27
1576,747,Trưởng nhóm Marketing VNPAY App,1,2026-01-14 08:42:08,2026-01-14 08:42:08
1577,747,Trưởng nhóm Marketing VnShop,1,2026-01-14 08:42:54,2026-01-14 08:42:54
1578,747,Trưởng phòng Thiết kế sáng tạo,1,2026-01-14 08:43:54,2026-01-14 08:43:54
1579,747,Phó phòng Thiết kế sáng tạo,1,2026-01-14 08:44:38,2026-01-14 08:44:38
1580,747,Chuyên viên Thiết kế motion,1,2026-01-14 08:45:57,2026-01-14 08:45:57
1590,747,Nhân viên,1,2026-01-27 11:56:11,2026-01-27 11:56:11
1597,747,_,-1,2026-02-04 17:16:25,2026-02-04 10:17:09
1598,747,-,1,2026-02-04 17:17:17,2026-02-04 17:17:17
1644,747,Chuyên viên Quản trị dự án,1,2026-03-12 08:41:38,2026-03-12 08:41:38
1645,747,Nhân viên Quản lý sản phẩm 2,1,2026-03-12 08:42:58,2026-03-12 08:42:58
1646,747,Nhân viên Quản trị dự án,1,2026-03-12 08:43:09,2026-03-12 08:43:09
1647,747,Phó Giám đốc phụ trách Trung tâm,1,2026-03-12 08:44:16,2026-03-12 08:44:16
1648,747,Phó phòng Kiểm thử phần mềm,1,2026-03-12 08:44:40,2026-03-12 08:44:40
1649,747,Phó phòng Phân tích và phát triển Sản phẩm,1,2026-03-12 08:44:49,2026-03-12 08:44:49
1650,747,Phó phòng Quản trị dự án,1,2026-03-12 08:45:02,2026-03-12 08:45:02
1651,747,Phó phòng Truyền thông tích hợp,1,2026-03-12 08:45:14,2026-03-12 08:45:14
1652,747,Trưởng nhóm Quản trị dự án,1,2026-03-12 08:46:00,2026-03-12 08:46:00
1653,747,Trưởng nhóm Triển khai sản phẩm dữ liệu,1,2026-03-12 08:46:12,2026-03-12 08:46:12
1654,747,Trưởng phòng Kiểm thử phần mềm,1,2026-03-12 08:46:31,2026-03-12 08:46:31
1655,747,Trưởng phòng Phân tích và phát triển Sản phẩm,1,2026-03-12 08:46:39,2026-03-12 08:46:39
