3174,747,Ban Lãnh đạo,1,2025-07-31 15:44:43,2025-07-31 15:44:43,,
3175,747,Tổ Cố vấn Ban Điều hành,1,2025-07-31 15:44:48,2025-07-31 15:44:48,,
3176,747,"Ban Trợ lý, Thư ký",1,2025-07-31 15:44:52,2025-07-31 15:44:52,,
3177,747,Phòng Hành chính tổng hợp,1,2025-07-31 15:44:56,2025-08-28 15:09:23,372,
3178,747,Phòng Pháp chế,1,2025-07-31 15:45:01,2025-08-28 15:09:23,382,
3179,747,Phòng Nhân sự,1,2025-07-31 15:45:07,2025-08-28 15:09:23,372,
3180,747,Phòng Dịch vụ viễn thông,1,2025-07-31 15:45:12,2025-08-28 15:09:23,372,
3181,747,Phòng Tài chính doanh nghiệp,1,2025-07-31 15:45:16,2025-08-28 15:09:23,372,
3182,747,Phòng Thương mại trực tuyến,1,2025-07-31 15:45:20,2025-08-28 15:09:24,372,
3183,747,Phòng Giải pháp & Sản phẩm Thẻ,1,2025-07-31 15:45:24,2025-08-28 15:09:24,372,
3184,747,Ban Phát triển Quốc tế,1,2025-07-31 15:45:28,2025-08-28 15:09:24,372,
3185,747,0,1,2025-07-31 15:45:32,2025-07-31 15:45:32,375,
3186,747,Phòng Kế toán tài chính,1,2025-07-31 15:45:36,2025-07-31 15:45:36,378,
3187,747,Phòng Đối soát,1,2025-07-31 15:45:40,2025-07-31 15:45:40,378,
3188,747,Phòng Thanh toán,1,2025-07-31 15:45:44,2025-07-31 15:45:44,378,
3189,747,Phòng Quản lý Chính sách sản phẩm,1,2025-07-31 15:45:48,2025-07-31 15:45:48,375,
3190,747,Phòng Dịch vụ Ngân hàng - Khối KDMB,1,2025-07-31 15:45:53,2025-07-31 15:45:53,375,
3191,747,Phòng Phát triển sản phẩm,1,2025-07-31 15:45:57,2025-07-31 15:45:57,375,
3192,747,Phòng Marketing - Khối Doanh nghiệp,1,2025-07-31 15:46:02,2025-07-31 15:46:02,374,
3193,747,Phòng Quản lý Dịch vụ Ví điện tử,1,2025-07-31 15:46:06,2025-07-31 15:46:06,375,
3194,747,Khối Doanh nghiệp,1,2025-07-31 15:46:12,2025-07-31 15:46:12,374,
3195,747,Thư ký,1,2025-07-31 15:46:15,2025-08-28 15:33:30,374,
3196,747,Phòng Kinh doanh Vận tải,1,2025-07-31 15:46:20,2025-08-28 15:33:31,374,
3197,747,Phòng Kinh doanh Dịch vụ tiện ích,1,2025-07-31 15:46:23,2025-08-28 15:33:31,374,
3198,747,Phòng Phát triển Kinh doanh Miền Bắc,1,2025-07-31 15:46:28,2025-08-28 15:33:31,374,
3199,747,Phòng Phát triển Kinh doanh Miền Nam,1,2025-07-31 15:46:31,2025-08-28 15:33:31,374,
3200,747,Phòng Thúc đẩy Kinh doanh Miền Bắc,1,2025-07-31 15:46:35,2025-08-28 15:33:32,374,
3201,747,Phòng Thúc đẩy Kinh doanh Miền Nam,1,2025-07-31 15:46:38,2025-08-28 15:33:32,374,
3202,747,Phòng Hợp tác Ngân hàng Miền Bắc,1,2025-07-31 15:46:42,2025-08-28 15:33:32,374,
3203,747,Phòng Hợp tác Ngân hàng Miền Nam,1,2025-07-31 15:46:46,2025-08-28 15:33:32,374,
3204,747,Phòng Quản lý Dịch vụ,1,2025-07-31 15:46:50,2025-08-28 15:33:32,374,
3205,747,Phòng Tổng hợp,1,2025-07-31 15:46:54,2025-08-28 15:33:33,374,
3206,747,Ban điều hành Khối Công nghệ,1,2025-07-31 15:46:57,2025-08-28 15:18:07,373,
3207,747,Phòng Quản trị Tổng hợp,1,2025-07-31 15:47:01,2025-08-28 15:18:08,373,
3208,747,Trung tâm Khoa học dữ liệu,1,2025-07-31 15:47:07,2025-08-28 15:18:08,373,
3209,747,Trung tâm Khoa học dữ liệu - Phòng AI & Công nghệ Dữ liệu,1,2025-07-31 15:47:12,2025-08-28 15:18:08,373,
3210,747,Trung tâm Khoa học dữ liệu - Phòng Phân tích và Phát triển Kinh doanh,1,2025-07-31 15:47:16,2025-08-28 15:18:08,373,
3211,747,Trung tâm Khoa học dữ liệu - Phòng Quản trị Cơ sở dữ liệu và Báo cáo,1,2025-07-31 15:47:22,2025-08-28 15:18:08,373,
3212,747,Phòng Tích hợp Dịch vụ Tài chính điện tử,1,2025-07-31 15:47:28,2025-08-28 15:18:09,373,
3213,747,Phòng Phát triển ứng dụng di động,1,2025-07-31 15:47:32,2025-08-28 15:18:09,373,
3214,747,Phòng Quản trị ứng dụng,1,2025-07-31 16:12:09,2025-08-28 15:18:09,373,
3215,747,Phòng Nội dung số,1,2025-07-31 16:12:13,2025-08-28 15:18:09,373,
3216,747,Phòng Dịch vụ trực tuyến,1,2025-07-31 16:12:20,2025-08-28 15:18:09,373,
3217,747,Phòng Dịch vụ Giá trị gia tăng,1,2025-07-31 16:12:24,2025-08-28 15:18:10,373,
3218,747,Phòng Tích hợp Hệ thống,1,2025-07-31 16:12:30,2025-08-28 15:18:10,373,
3219,747,Phòng Giám sát dịch vụ 24/7,1,2025-07-31 16:12:34,2025-08-28 15:18:10,373,
3220,747,Trung tâm Hạ tầng và An ninh Thông tin,1,2025-07-31 16:12:38,2025-08-28 15:18:10,373,
3221,747,Trung tâm Hạ tầng và An ninh Thông tin - Phòng Hạ tầng Mạng,1,2025-07-31 16:12:45,2025-08-28 15:18:11,373,
3222,747,Trung tâm Hạ tầng và An ninh Thông tin - Phòng Hệ thống,1,2025-07-31 16:12:49,2025-08-28 15:18:11,373,
3223,747,Trung tâm Hạ tầng và An ninh Thông tin - Phòng Tuân thủ và điều phối dự án,1,2025-07-31 16:12:52,2025-08-28 15:18:11,373,
3224,747,Trung tâm Hạ tầng và An ninh Thông tin - Phòng Điện toán đám mây,1,2025-07-31 16:12:56,2025-08-28 15:18:11,373,
3225,747,Trung tâm Hạ tầng và An ninh Thông tin - Phòng An ninh hệ thống (SOC),1,2025-07-31 16:13:00,2025-08-28 15:18:11,373,
3226,747,Trung tâm Hạ tầng và An ninh Thông tin - Phòng An ninh sản phẩm (Cyber Security Software),1,2025-07-31 16:13:03,2025-08-28 15:18:12,373,
3227,747,Phòng Phân tích nghiệp vụ,1,2025-07-31 16:13:07,2025-08-28 15:18:12,373,
3228,747,Phòng Thiết kế,1,2025-07-31 16:13:12,2025-08-28 15:18:12,373,
3229,747,Phòng Công nghệ Blockchain,1,2025-07-31 16:13:17,2025-08-28 15:18:12,373,
3230,747,Phòng Kinh doanh & Quản lý Dự án,1,2025-07-31 16:13:22,2025-07-31 16:13:22,376,
3231,747,Tổ Thư ký,1,2025-07-31 16:13:26,2025-08-28 15:35:39,377,
3232,747,Phòng Quản lý sản phẩm,1,2025-07-31 16:13:34,2025-08-28 15:35:39,377,
3233,747,Phòng Vận hành Sản phẩm,1,2025-07-31 16:13:39,2025-08-28 15:35:39,377,
3234,747,Phòng Quản trị rủi ro,1,2025-07-31 16:13:43,2025-08-28 15:35:39,382,
3235,747,Phòng Vận hành Ví,1,2025-07-31 16:13:46,2025-08-28 15:35:40,377,
3236,747,Phòng Dịch vụ Vé,1,2025-07-31 16:13:50,2025-08-28 15:35:40,377,
3237,747,Phòng Chăm sóc khách hàng,1,2025-07-31 16:13:55,2025-08-28 15:35:40,377,
3247,747,Phòng Dịch vụ Ngân hàng - Khối Công nghệ,1,2025-08-28 22:12:33,2025-08-28 22:12:33,373,
3248,747,Ban Điều hành - Khối KDMN,1,2025-08-28 22:21:36,2025-08-28 22:21:36,376,
3249,747,Ban Điều hành - Khối QLDVTGTT,1,2025-08-28 22:22:01,2025-08-28 22:22:01,377,
3250,747,Phòng Marketing - Khối KDMB,1,2025-08-28 22:26:57,2025-08-28 22:26:57,375,
3251,747,Phòng Marketing - Khối KDMN,1,2025-08-28 22:27:17,2025-08-28 22:27:17,376,
3308,747,Trung tâm Phân tích nghiệp vụ và Kiểm thử - Phòng Kiểm thử phần mềm,1,2025-11-13 15:38:04,2025-11-13 15:38:04,373,
3309,747,Trung tâm Phân tích nghiệp vụ và Kiểm thử - Phòng Phân tích nghiệp vụ,1,2025-11-13 17:19:11,2025-11-13 17:19:11,373,
3328,747,Phòng Kinh doanh Khu vực 1,1,2025-11-24 16:45:53,2025-11-24 16:45:53,374,
3329,747,Phòng Kinh doanh Khu vực 5,1,2025-11-24 16:59:10,2025-11-24 16:59:10,374,
3330,747,Phòng Kinh doanh Khu vực 7,1,2025-11-24 17:02:52,2025-11-24 17:02:52,374,
3331,747,Phòng Kinh doanh Khu vực 8,1,2025-11-24 17:18:53,2025-11-24 17:18:53,374,
3332,747,Phòng Kinh doanh Khu vực 9,1,2025-11-24 17:20:58,2025-11-24 17:20:58,374,
3333,747,Phòng Kinh doanh Khu vực 2,1,2025-11-24 17:22:37,2025-11-24 17:22:37,374,
3337,747,Phòng Quản lý Đối tác,1,2025-11-24 17:37:38,2025-11-24 17:37:38,374,
3338,747,Phòng Dịch vụ Hệ sinh thái,1,2025-11-24 18:00:10,2025-11-24 18:00:10,374,
3341,747,Phòng Kế hoạch,1,2025-11-24 18:33:22,2025-11-24 18:33:22,374,
3362,747,Phòng Đào tạo,1,2025-12-10 18:46:24,2025-12-10 18:46:24,374,
3382,747,Phòng Kinh doanh Khu vực 4,1,2026-01-09 13:43:49,2026-01-09 13:43:49,374,
3405,747,Phòng Truyền thông tích hợp,1,2026-01-13 11:53:46,2026-01-13 11:53:46,385,BMKT_TTTH
3406,747,Phòng Marketing Đối tác,1,2026-01-13 11:54:12,2026-01-13 11:54:12,385,
3407,747,Phòng Marketing Hệ sinh thái,1,2026-01-13 11:55:02,2026-01-13 11:55:02,385,
3408,747,Phòng Thiết kế sáng tạo,1,2026-01-13 11:55:24,2026-01-13 11:55:24,385,
3417,747,Phòng Kinh doanh Khu vực 6,1,2026-02-02 10:18:30,2026-02-02 10:18:30,374,
3424,747,Thư ký Ban Giám đốc Khối,1,2026-02-04 17:14:33,2026-02-04 17:14:33,,
3425,747,-,-1,2026-02-04 17:16:38,2026-02-26 04:35:57,,
3472,747,Phòng Kinh doanh Khu Vực 3,1,2026-03-09 17:14:58,2026-03-09 17:14:58,374,
3477,747,Trung tâm Quản lý Sản phẩm - Phòng Phân tích và Phát triển Kinh doanh,1,2026-03-11 17:28:25,2026-03-11 17:28:25,390,TTQLSP_PTPTKD
3478,747,Ban Điều hành,1,2026-03-11 17:28:44,2026-03-11 17:28:44,390,TTQLSP_BDH
3479,747,Phòng Kiểm thử phần mềm,1,2026-03-11 17:28:56,2026-03-11 17:28:56,390,TTQLSP_KTPM
3480,747,Phòng Quản lý sản phẩm 1,1,2026-03-11 17:30:39,2026-03-11 17:30:39,390,TTQLSP_QLSP1
3481,747,Phòng Quản lý sản phẩm 2,1,2026-03-11 17:30:55,2026-03-11 17:30:55,390,TTQLSP_QLSP2
3482,747,Quản lý sản phẩm 2,1,2026-03-11 17:31:26,2026-03-11 17:31:26,390,TTQLSP_QLSP2
3483,747,Phòng Quản trị dự án,1,2026-03-11 17:31:44,2026-03-11 17:31:44,390,TTQLSP_QTDA
3484,747,Phòng Thiết kế - Trung tâm Quản lý sản phẩm,1,2026-03-11 17:32:54,2026-03-11 17:32:54,390,TTQLSP_TK
3485,747,Phòng Dịch vụ Hệ sinh thái - Các Phòng ban chức năng,1,2026-03-11 17:34:32,2026-03-11 17:34:32,372,P.DVHST
